oid,cls
ZTF18abyitqb,**
ZTF19aaerbpg,EclBin
ZTF18accdvms,AGB*
ZTF18abryneo,AGB*
ZTF18abvjsfs,AGB*
ZTF18absurtt,AGB*
ZTF18adivvmj,AGB*
ZTF18abaxvvs,AGB*_Candidate
ZTF18aaxwbwf,AGN
ZTF18acburzq,AGN
ZTF20aagzurh,AGN
ZTF18ablgnyy,AGN_Candidate
ZTF19aawlxma,AGN_Candidate
ZTF18abvzwne,AGN_Candidate
ZTF19abpugpl,AGN_Candidate
ZTF19aauctnj,AGN_Candidate
ZTF19abtssft,AGN_Candidate
ZTF18acbwazi,AGN_Candidate
ZTF18acecugr,AGN_Candidate
ZTF19aalixsf,AGN_Candidate
ZTF18abjbvyr,AGN_Candidate
ZTF18abkxpln,AGN_Candidate
ZTF18acuavan,AGN_Candidate
ZTF18aagdvbo,AGN_Candidate
ZTF18acckqfs,AGN_Candidate
ZTF18adbczid,AGN_Candidate
ZTF19abzwaqd,AGN_Candidate
ZTF18acvvsks,AGN_Candidate
ZTF18abacqpx,Ae*
ZTF25abqkwce,Ambiguous
ZTF25abyobbm,Ambiguous
ZTF25abxedzr,SN candidate
ZTF25abwhfuq,Ambiguous
ZTF25absjpon,SN candidate
ZTF25abwkieo,SN candidate
ZTF25acbcfzr,SN candidate
ZTF25abxhgoi,Early SN Ia candidate
ZTF25abyguri,Early SN Ia candidate
ZTF25abxqslz,SN candidate
ZTF17aacgwpq,BLLac
ZTF18achbdgm,BLLac
ZTF18adllqvx,BLLac
ZTF18aaoecso,BLLac
ZTF18aaolrkm,BLLac
ZTF19aaweyvv,BLLac
ZTF18adncicj,BLLac
ZTF18adoykrv,BLLac
ZTF18abosywm,BLLac
ZTF18abtvgqh,BLLac
ZTF18adjcwmu,BLLac
ZTF18aboksgd,BLLac
ZTF20aasiwqp,Unknown
ZTF18abvryux,BLLac
ZTF18abtleal,BLLac
ZTF18aaadlhx,BLLac
ZTF18abmodtn,BLLac
ZTF18abtwqwr,BLLac
ZTF17aaclfym,BLLac
ZTF18aarsoek,BLLac
ZTF18abnxbyb,BLLac
ZTF18abtzywc,BLLac
ZTF18abcxhvi,BLLac
ZTF18acebmhq,BLLac
ZTF18acbxhsa,BLLac
ZTF18acvvpez,BLLac
ZTF18aabxehk,BLLac
ZTF18aditpsk,BLLac
ZTF18aaoecst,BLLac
ZTF19aculvqu,BLLac
ZTF18abtehyb,BLLac
ZTF19aaaojyj,BLLac
ZTF18acwauib,BLLac
ZTF18abcoywh,BLLac
ZTF18absqjju,BLLac
ZTF18abslucy,BLLac
ZTF18abnzmvn,BLLac
ZTF18aaupmkx,BLLac
ZTF17aabwktk,BLLac
ZTF18adjlebl,BLLac
ZTF18ablprcf,BLLac_Candidate
ZTF18abslggz,BYDraV*
ZTF18aangndb,BYDraV*
ZTF18abbuvsz,BYDraV*
ZTF18adrtbxw,BYDraV*
ZTF18abbnfaa,BYDraV*
ZTF18abakbuw,BYDraV*
ZTF18abdcpgg,BYDraV*
ZTF18abijnbl,BYDraV*
ZTF20acrlbkn,BYDraV*
ZTF18abcplql,BYDraV*
ZTF19accutwe,BYDraV*
ZTF18abbuegk,BYDraV*
ZTF18aaubnpo,BYDraV*
ZTF18acegryk,BYDraV*
ZTF18abadlgh,BYDraV*
ZTF18aaodxnw,BYDraV*
ZTF18abbugjn,BYDraV*
ZTF18acasxhy,BYDraV*
ZTF18abaqgpb,BYDraV*
ZTF18abmjazx,BYDraV*
ZTF18aaynseo,BYDraV*
ZTF18absjosi,BYDraV*
ZTF18abuapwx,BYDraV*
ZTF18abadnoa,BYDraV*
ZTF18abmwjit,BYDraV*
ZTF20achxggi,BYDraV*
ZTF19aawgahb,BYDraV*
ZTF18aaxyxky,BYDraV*
ZTF18abceysx,BYDraV*
ZTF18abccquf,BYDraV*
ZTF17aadfmxh,BYDraV*
ZTF18aazmpyt,BYDraV*
ZTF18aaxyrio,BYDraV*
ZTF18abdfntk,BYDraV*
ZTF18abmnyhn,Be*
ZTF18abdehmy,Be*
ZTF18abmaaeh,Be*
ZTF23abjjptb,Be*
ZTF18abebxkr,Be*
ZTF18abcrevx,Be*
ZTF18abdjzzl,Be*
ZTF18acbvgss,Blazar
ZTF18aawwazx,Blazar
ZTF18abcorri,Blazar
ZTF18abjrjzx,BlueSG
ZTF17aaapdns,C*
ZTF18abjpsle,C*
ZTF18aaudzml,C*
ZTF18abakkgo,C*
ZTF18aaxjcry,C*
ZTF18abcviua,C*
ZTF18abaegve,C*
ZTF18abtlpio,C*
ZTF18aayfaac,C*
ZTF18abcuers,C*
ZTF18abcctgk,C*
ZTF18aaynuex,C*
ZTF18abkkqvf,C*
ZTF18aazucqb,C*
ZTF18acuxrte,C*
ZTF17aaaedjn,C*
ZTF18acgusdp,C*
ZTF18adkrdrn,C*
ZTF18aazewjz,C*
ZTF18abaedvk,C*
ZTF18acdfoqz,C*
ZTF18abtshno,C*
ZTF18adknrdk,C*
ZTF19aagzyqe,CataclyV*
ZTF18aaoxlzk,CataclyV*
ZTF18abnyaoy,CataclyV*
ZTF17aaawcvy,CataclyV*
ZTF18acrvdnx,CataclyV*
ZTF18abgjmhq,CataclyV*
ZTF18aammpul,CataclyV*
ZTF18acfxetr,CataclyV*
ZTF18abihypg,CataclyV*
ZTF18aaptbbk,CataclyV*
ZTF17aaagccm,CataclyV*
ZTF18aamhlih,CataclyV*
ZTF18abcqzxh,CataclyV*
ZTF18aazvhdb,CataclyV*
ZTF18acahrug,CataclyV*
ZTF18aaachlc,CataclyV*
ZTF18adqruxh,CataclyV*
ZTF17aabukrt,CataclyV*
ZTF20aaodweh,CataclyV*
ZTF18abiuhdq,CataclyV*
ZTF18abxvqlt,CataclyV*
ZTF18aazvajt,CataclyV*
ZTF17aaaslud,CataclyV*
ZTF18aabeypj,CataclyV*
ZTF18achzexf,CataclyV*
ZTF18abajuez,CataclyV*
ZTF17aabvgst,CataclyV*
ZTF18aaypnnd,CataclyV*
ZTF18abbmmuf,CataclyV*
ZTF18aabpzqd,CataclyV*
ZTF18aatczka,CataclyV*
ZTF20aatvrqw,CataclyV*
ZTF18absgnqy,CataclyV*
ZTF17aaaenhs,CataclyV*
ZTF17aabwggq,CataclyV*
ZTF17aabouaj,CataclyV*
ZTF17aaajihk,CataclyV*
ZTF18admcqem,CataclyV*
ZTF18abjfmwd,CataclyV*
ZTF18abbuvrd,CataclyV*
ZTF18achzhtm,CataclyV*
ZTF17aabumbp,CataclyV*
ZTF18abucbyy,CataclyV*
ZTF18abwiccd,CataclyV*
ZTF18abjtwlb,CataclyV*
ZTF18abmahbc,CataclyV*
ZTF18abwfkvl,CataclyV*
ZTF17aadhvzu,CataclyV*
ZTF18abvfqbg,CataclyV*
ZTF18abrypws,CataclyV*
ZTF18abuhqfi,CataclyV*
ZTF18aaagsjn,CataclyV*
ZTF19aazcclj,CataclyV*
ZTF19aadqmrg,CataclyV*
ZTF18abnolsl,CataclyV*
ZTF19aaspeva,CataclyV*
ZTF18abvllnd,CataclyV*
ZTF18aazndpb,CataclyV*
ZTF18abusyzv,CataclyV*
ZTF18aboebug,CataclyV*
ZTF18abjrcju,CataclyV*
ZTF17aaarxab,CataclyV*
ZTF18aayhtdm,CataclyV*
ZTF18aczddtb,CataclyV*
ZTF18aaqzkte,CataclyV*
ZTF18abmefme,CataclyV*
ZTF18abosmfh,CataclyV*
ZTF18abigrzf,CataclyV*
ZTF18aabfdys,CataclyV*
ZTF17aacfnyf,CataclyV*
ZTF18abcvkft,CataclyV*
ZTF18abyjldd,CataclyV*
ZTF18abujfcu,CataclyV*
ZTF18abadsmu,CataclyV*
ZTF19abpoypm,CataclyV*
ZTF18abccqjx,CataclyV*
ZTF17aaatvny,CataclyV*
ZTF18acajudm,CataclyV*
ZTF18abgiuet,CataclyV*
ZTF18ablxnta,CataclyV*
ZTF18abmqumx,CataclyV*
ZTF18abdeygt,Unknown
ZTF18abunixr,CataclyV*_Candidate
ZTF18abikfzk,CataclyV*_Candidate
ZTF18abbugzp,CataclyV*_Candidate
ZTF18adngwac,CataclyV*_Candidate
ZTF18adlyugu,CataclyV*_Candidate
ZTF18acswkeb,CataclyV*_Candidate
ZTF17aacqwwi,CataclyV*_Candidate
ZTF18aabicgg,CataclyV*_Candidate
ZTF18abjqksf,CataclyV*_Candidate
ZTF18acespyo,CataclyV*_Candidate
ZTF17aaawgjy,CataclyV*_Candidate
ZTF18adnbzgx,CataclyV*_Candidate
ZTF18abcnnfj,CataclyV*_Candidate
ZTF17aaadywb,Cepheid
ZTF18adposnu,ChemPec*
ZTF18acbwabc,ChemPec*
ZTF18aculvkw,ClassicalCep
ZTF17aaatljm,ClassicalCep
ZTF18acymgic,ClassicalCep
ZTF18adkcmay,ClassicalCep
ZTF25acauqtp,SN candidate
ZTF25abyevmr,Early SN Ia candidate
ZTF25abxublf,SN candidate
ZTF25abxjtsp,SN candidate
ZTF25abzovlx,Early SN Ia candidate
ZTF25abxsfxn,SN candidate
ZTF18abjpkep,EclBin
ZTF18abjpqio,EclBin
ZTF18abasyrd,EclBin
ZTF17aabwdpm,EclBin
ZTF17aabusvw,EclBin
ZTF18abmaguf,EclBin
ZTF18abajusu,EclBin
ZTF18abwmwdb,EclBin
ZTF18acwwawx,EclBin
ZTF18abcjkfp,EclBin
ZTF18abapidq,EclBin
ZTF18aaacwwx,EclBin
ZTF18acmatvm,EclBin
ZTF17aaarrab,EclBin
ZTF18abbeern,EclBin
ZTF18aczdnay,EclBin
ZTF18aaxlskm,EclBin
ZTF18abxzwxt,EclBin
ZTF18admabmp,EclBin
ZTF18acullhr,EclBin
ZTF18aasmwkh,EclBin
ZTF18aakyxml,EclBin
ZTF18abnxcjg,EclBin
ZTF18abtpqxp,EclBin
ZTF18acqyvra,EclBin
ZTF18adkbkjj,EclBin
ZTF18abomdng,EclBin
ZTF18acrxomo,EclBin
ZTF18aalurjr,EclBin
ZTF18acwqqol,EclBin
ZTF17aaagyfc,EclBin
ZTF18aaxioxh,EclBin
ZTF19aaakulq,EclBin
ZTF18aaxvbip,EclBin
ZTF18aammqlb,EclBin
ZTF18aayeorm,EclBin
ZTF18aawbrbs,EclBin
ZTF18aayhmdy,EclBin
ZTF17aabvcwm,EclBin
ZTF18aauqfot,EclBin
ZTF17aabwjfh,EclBin
ZTF18abivizy,EclBin
ZTF17aaajczt,EclBin
ZTF18abgrucf,EclBin
ZTF18aavfapw,EclBin
ZTF18aayxpmc,EclBin
ZTF18acgqvur,EclBin
ZTF18abccwyw,EclBin
ZTF18aavzllz,EclBin
ZTF18absiuhh,EclBin
ZTF18aakhdll,EclBin
ZTF19aaerdxi,EclBin
ZTF18aatdbmc,EclBin
ZTF18absuriq,EclBin
ZTF18adjxfln,EclBin
ZTF18abobxbl,EclBin
ZTF18abtvjbx,EclBin
ZTF18adaujss,EclBin
ZTF17aabskqx,EclBin
ZTF17aaaqxiq,EclBin
ZTF17aabxtts,EclBin
ZTF18abtlsjv,EclBin
ZTF18adauccb,EclBin
ZTF18adjuiwz,EclBin
ZTF18aammumv,EclBin
ZTF18aayhvev,EclBin
ZTF17aaanouh,EclBin
ZTF17aabwnci,EclBin
ZTF18aculoqb,EclBin
ZTF18abiwqbx,EclBin
ZTF18abakjgw,EclBin
ZTF19aadqmrf,EclBin
ZTF18aainbya,EclBin
ZTF18acyvhjg,EclBin
ZTF18adkbdub,EclBin
ZTF17aaaened,EclBin
ZTF18abikotf,EclBin
ZTF18adixhna,EclBin
ZTF18abfuiip,EclBin
ZTF18abncpmo,EclBin
ZTF18abjlwzp,EclBin
ZTF18abnzfsg,EclBin
ZTF19aaacahr,EclBin
ZTF19aaabwtz,EclBin
ZTF18abakmba,EclBin
ZTF18abvbegh,EclBin
ZTF18aazeryw,EclBin
ZTF17aaasvnu,EclBin
ZTF17aaanpdh,EclBin
ZTF17aabocyq,EclBin
ZTF18acsvodf,EclBin
ZTF19acbooet,EclBin
ZTF18abnoxme,EclBin
ZTF18aaaaxfo,EclBin
ZTF18abacwmt,EclBin
ZTF17aabvedb,EclBin
ZTF18aayxqew,EclBin
ZTF17aabutvc,EclBin
ZTF18abaqjyr,EclBin
ZTF18aauqflx,EclBin
ZTF17aabppyq,EclBin
ZTF18acgmezf,EclBin
ZTF17aabuwoq,EclBin
ZTF17aaaigwu,EclBin
ZTF18adayhgd,EclBin
ZTF18abmfodp,EclBin
ZTF18acrdiai,EclBin
ZTF19aaabzkr,EclBin
ZTF18abusypo,EclBin
ZTF18abolzpm,EclBin
ZTF18abcqmer,EclBin
ZTF18acqqrjz,EclBin
ZTF18adavebi,EclBin
ZTF17aaboqdo,EclBin
ZTF18aczrcns,EclBin
ZTF18adixedj,EclBin
ZTF18acrunoq,EclBin
ZTF18abmiwnx,EclBin
ZTF18aculpwb,EclBin
ZTF18abecvlg,EclBin
ZTF17aacryxj,EclBin
ZTF18acvgztx,EclBin
ZTF18abbxcwk,EclBin
ZTF18aculqxx,EclBin
ZTF17aaawgcf,EclBin
ZTF17aabwksw,EclBin
ZTF18absbgqc,EclBin
ZTF18acvtxzz,EclBin
ZTF17aaawemx,EclBin
ZTF18abaqyuw,EclBin
ZTF18abaeany,EclBin
ZTF18aabiqno,EclBin
ZTF17aabwesl,EclBin
ZTF18abivddh,EclBin
ZTF17aabvsoj,EclBin
ZTF18acqlurd,EclBin
ZTF18aaadwbi,EclBin
ZTF17aaailqg,EclBin
ZTF18abcgtpo,EclBin
ZTF18absnsaq,EclBin
ZTF18abdpoyo,EclBin
ZTF18abntzgh,EclBin
ZTF18abasmxt,EclBin
ZTF17aaaecwj,EclBin
ZTF17aaahslt,EclBin
ZTF18accdzry,EclBin
ZTF18abrnuoz,EclBin
ZTF18acgvift,EclBin
ZTF18aaadszb,EclBin
ZTF18aaznfiw,EclBin
ZTF19aaeredz,EclBin
ZTF18abarnit,EclBin
ZTF18acwwati,EclBin
ZTF19aaaknsg,EclBin
ZTF18abcoxnx,EclBin
ZTF18aabhgax,EclBin
ZTF17aabusxg,EclBin
ZTF18acwgpkr,EclBin
ZTF17aaartoj,EclBin
ZTF18abasdqk,EclBin
ZTF18aasnnke,EclBin
ZTF18acnatye,EclBin
ZTF18adaubzd,EclBin
ZTF18abcohvj,EclBin
ZTF18acrukfb,EclBin
ZTF19aaeqzxn,EclBin
ZTF18adauaaa,EclBin
ZTF18adauapo,EclBin
ZTF18aaptabm,EclBin
ZTF18aculorc,EclBin
ZTF18acumjva,EclBin
ZTF18adpadqk,EclBin
ZTF18acrvafa,EclBin
ZTF17aaaikbg,EclBin
ZTF18abgraou,EclBin
ZTF18adaymbz,EclBin
ZTF18acrunbs,EclBin
ZTF18acuysvo,EclBin
ZTF18abtvipl,EclBin
ZTF19aallpfk,EclBin
ZTF18admiqls,EclBin
ZTF18aaluqjz,EclBin
ZTF18aazlqud,EclBin
ZTF17aaajgdt,EclBin
ZTF18acupfna,EclBin
ZTF18abgkgyk,EclBin
ZTF18aazvhvt,EclBin
ZTF17aabwjzi,EclBin
ZTF18acgvimp,EclBin
ZTF18adauata,EclBin
ZTF18aaimxqy,EclBin
ZTF17aabpopr,EclBin
ZTF18acqypfd,EclBin
ZTF18abesove,EclBin
ZTF19aaliyej,EclBin
ZTF18abjmdax,EclBin
ZTF19aaabzmj,EclBin
ZTF18aamlzem,EclBin
ZTF18abxisiw,EclBin
ZTF17aaawhat,EclBin
ZTF18abqaazd,EclBin
ZTF18abcdtsx,EclBin
ZTF18acrvqyf,EclBin
ZTF18acxwuen,EclBin
ZTF19aaerbci,EclBin
ZTF19aaaoqot,EclBin
ZTF18aczddox,EclBin
ZTF17aabutrt,EclBin
ZTF18abgrsyl,EclBin
ZTF17aaawhei,EclBin
ZTF18acullzo,EclBin
ZTF18abiukjg,EclBin
ZTF18abscmzt,EclBin
ZTF18aayhrkl,EclBin
ZTF18aculltz,EclBin
ZTF18adivvhn,EclBin
ZTF17aabuwcl,EclBin
ZTF17aadoqcf,EclBin
ZTF18abskstd,EclBin
ZTF18abnzgsm,EclBin
ZTF17aabgimo,EclBin
ZTF17aaaidjx,EclBin
ZTF18abiwdvd,EclBin
ZTF18aculpft,EclBin
ZTF17aabuwdl,EclBin
ZTF18aammtif,EclBin
ZTF17aabwjxu,EclBin
ZTF18acrxnft,EclBin
ZTF18adaucbx,EclBin
ZTF19aadlcjk,EclBin
ZTF18abaqynr,EclBin
ZTF19aamoerc,EclBin
ZTF18abcuozz,EclBin
ZTF18aaxyyvw,EclBin
ZTF18abgqxwu,EclBin
ZTF18aammfgn,EclBin
ZTF18acgxbcd,EclBin
ZTF18abuelxs,EclBin
ZTF18adausax,EclBin
ZTF18achsdpk,EclBin
ZTF18adayldo,EclBin
ZTF18abcrans,EclBin
ZTF18admghdx,EclBin
ZTF19aaacdam,EclBin
ZTF18abjuiya,EclBin
ZTF18aaxytpk,EclBin
ZTF18actasth,EclBin
ZTF18achvliu,EclBin
ZTF18abajwzu,EclBin
ZTF18adaucyx,EclBin
ZTF18acwqopp,EclBin
ZTF18aauevkm,EclBin
ZTF18abodduj,EclBin
ZTF18abcpgzn,EclBin
ZTF17aaahshu,EclBin
ZTF18abbugqs,EclBin
ZTF17aaadyzz,EclBin
ZTF18aaxilcm,EclBin
ZTF18abjucca,EclBin
ZTF17aabuvqq,EclBin
ZTF17aacptqs,EclBin
ZTF18abobkyy,EclBin
ZTF18aayhrbw,EclBin
ZTF18abjuivd,EclBin
ZTF18acbciqm,EclBin
ZTF18abmiqes,EclBin
ZTF18aanvifl,EclBin
ZTF18acfaxyt,EclBin
ZTF18adkcltv,EclBin
ZTF18aayxlqj,EclBin
ZTF18abbcmzp,EclBin
ZTF18abxeode,EclBin
ZTF18acumeta,EclBin
ZTF18abkhuqr,EclBin
ZTF17aacskci,EclBin
ZTF18adlebpa,EclBin
ZTF18aaptali,EclBin
ZTF17aabulon,EclBin
ZTF18abaseby,EclBin
ZTF18acakujx,EclBin
ZTF18abiwdpd,EclBin
ZTF18abwbdcy,EclBin
ZTF19aaacdtr,EclBin
ZTF18abbrjnw,EclBin
ZTF18abadnmv,EclBin
ZTF18abchspt,EclBin
ZTF18abcozcf,EclBin
ZTF18abcomed,EclBin
ZTF18admcfzk,EclBin
ZTF17aaaojdo,EclBin
ZTF18abaphwn,EclBin
ZTF17aaboqxu,EclBin
ZTF18aculnzg,EclBin
ZTF18abvpiji,EclBin
ZTF18adawoqw,EclBin
ZTF17aabvfsv,EclBin
ZTF19aaaktxu,EclBin
ZTF17aaaecky,EclBin
ZTF18abdeuvn,EclBin
ZTF19abqkmad,EclBin
ZTF17aabuqbi,EclBin
ZTF18adaucmj,EclBin
ZTF18abtmjbu,EclBin
ZTF18abommte,EclBin
ZTF18abtgvcn,EclBin
ZTF17aabuxeo,EclBin
ZTF18aaznfjj,EclBin
ZTF18abasyjk,EclBin
ZTF19aaezmdg,EclBin
ZTF18aculmpu,EclBin
ZTF17aabuwfs,EclBin
ZTF18abbudsj,EclBin
ZTF18aayvbjo,EclBin
ZTF18adpadyv,EclBin
ZTF18aaudxon,EclBin
ZTF17aaajgbm,EclBin
ZTF17aaahfiq,EclBin
ZTF18abaeijy,EclBin
ZTF18abjpibg,EclBin
ZTF18abyyelv,EclBin
ZTF17aabqhjw,EclBin
ZTF18aabtvcr,EclBin
ZTF18acqozjx,EclBin
ZTF17aabvcss,EclBin
ZTF17aabwkem,EclBin_Candidate
ZTF19aaerbtn,EclBin_Candidate
ZTF18adsainq,EclBin_Candidate
ZTF18adayinv,EclBin_Candidate
ZTF18abcrldb,EmLine*
ZTF17aaaajkj,EmLine*
ZTF18abaeiju,EmLine*
ZTF17aaatbpg,EmLine*
ZTF18abadmtk,EmLine*
ZTF17aaaedhw,EmLine*
ZTF18acuarxd,EmLine*
ZTF19aaaimpt,EmLine*
ZTF18abblxcv,EmLine*
ZTF17aabgdfz,EmLine*
ZTF18aaxlvhu,EmLine*
ZTF18abajsaq,EmLine*
ZTF17aaapvrl,EmLine*
ZTF18abtjxlu,EmLine*
ZTF18aaypczu,EmLine*
ZTF18aauqswt,EmLine*
ZTF18abyrorl,EmLine*
ZTF18abajsei,EmLine*
ZTF17aaaarke,EmLine*
ZTF17aaagrwd,EmLine*
ZTF17aaadycb,EmLine*
ZTF18abblrwf,EmLine*
ZTF18acfriyv,EmLine*
ZTF18abcumpk,EmLine*
ZTF17aaaowkz,EmLine*
ZTF19abcemog,GravLensSystem
ZTF17aabuvww,HotSubdwarf_Candidate
ZTF18adaudst,HotSubdwarf_Candidate
ZTF20aclfeoi,HotSubdwarf_Candidate
ZTF18aayoxmn,IrregularV*
ZTF25accypwa,Kilonova candidate
ZTF25acczhpb,SN candidate
ZTF18aauqqce,LongPeriodV*
ZTF18abcjmdc,LongPeriodV*
ZTF18aaptbfu,LongPeriodV*
ZTF18aavejbw,LongPeriodV*
ZTF18aceodwq,LongPeriodV*
ZTF18abcxfhi,LongPeriodV*
ZTF18aauqsjs,LongPeriodV*
ZTF18adjzots,LongPeriodV*
ZTF18aawbjvv,LongPeriodV*
ZTF18abcjaih,LongPeriodV*
ZTF18aaveeht,LongPeriodV*
ZTF18abqllpd,LongPeriodV*
ZTF18abwibsc,LongPeriodV*
ZTF18aaudxvr,LongPeriodV*
ZTF18abcgnll,LongPeriodV*
ZTF18abkwgwn,LongPeriodV*
ZTF18aceucvl,LongPeriodV*
ZTF18abcdskl,LongPeriodV*
ZTF18aazeysq,LongPeriodV*
ZTF18aammiof,LongPeriodV*
ZTF18abgsswn,LongPeriodV*
ZTF18adjebyl,LongPeriodV*
ZTF18aaxaleb,LongPeriodV*
ZTF18abctupi,LongPeriodV*
ZTF18abadmoc,LongPeriodV*
ZTF18aauelle,LongPeriodV*
ZTF18abbsoeq,LongPeriodV*
ZTF17aaaajra,LongPeriodV*
ZTF17aaarszu,LongPeriodV*
ZTF18aczarwq,LongPeriodV*
ZTF18aborekm,LongPeriodV*
ZTF18abayklo,LongPeriodV*
ZTF18abncors,LongPeriodV*
ZTF18abcjrmg,LongPeriodV*
ZTF18abadozn,LongPeriodV*
ZTF18aavpsyb,LongPeriodV*
ZTF18abchcxw,LongPeriodV*
ZTF18abaitrx,LongPeriodV*
ZTF18aaxprfr,LongPeriodV*
ZTF18abmaguu,LongPeriodV*
ZTF18aavefsk,LongPeriodV*
ZTF18aayxnuw,LongPeriodV*
ZTF18abehjme,LongPeriodV*
ZTF19achtwva,LongPeriodV*
ZTF18abrrkut,LongPeriodV*
ZTF18abecjjl,LongPeriodV*
ZTF18aayoyft,LongPeriodV*
ZTF18aasnpoc,LongPeriodV*
ZTF18abmpkmd,LongPeriodV*
ZTF19abpaiad,LongPeriodV*
ZTF18abndoxt,LongPeriodV*
ZTF18aazexlq,LongPeriodV*
ZTF18aazfdwc,LongPeriodV*
ZTF18abdktdy,LongPeriodV*
ZTF18adauzub,LongPeriodV*
ZTF17aaafwwj,LongPeriodV*
ZTF18aawadmg,LongPeriodV*
ZTF18ablntdt,LongPeriodV*
ZTF18ablswyx,LongPeriodV*
ZTF18abcgonp,LongPeriodV*
ZTF18abgrzol,LongPeriodV*
ZTF18abtvswm,LongPeriodV*
ZTF18acrkpag,LongPeriodV*
ZTF18acwrvor,LongPeriodV*
ZTF18aayddjo,LongPeriodV*
ZTF18abcrnul,LongPeriodV*
ZTF18aavzoxd,LongPeriodV*
ZTF18aajryqi,LongPeriodV*
ZTF18aauevre,LongPeriodV*
ZTF18acoxarp,LongPeriodV*
ZTF18abolctg,LongPeriodV*
ZTF18abchqyh,LongPeriodV*
ZTF18abcbqva,LongPeriodV*
ZTF18aauecpf,LongPeriodV*
ZTF18abcjalv,LongPeriodV*
ZTF18aaxluez,LongPeriodV*
ZTF18abajuiv,LongPeriodV*
ZTF18abcqnkz,LongPeriodV*
ZTF18abjlrbi,LongPeriodV*
ZTF18abmedza,LongPeriodV*
ZTF18abjtwlg,LongPeriodV*
ZTF18abhqmoh,LongPeriodV*
ZTF18aayegbl,LongPeriodV*
ZTF18aayecyf,LongPeriodV*
ZTF18aavlhen,LongPeriodV*
ZTF17aaaepdx,LongPeriodV*
ZTF18acewgjt,LongPeriodV*
ZTF18acexcya,LongPeriodV*
ZTF18aazvakm,LongPeriodV*
ZTF18aavqllt,LongPeriodV*
ZTF18abbeujm,LongPeriodV*
ZTF18aayfabj,LongPeriodV*
ZTF18absxywv,LongPeriodV*
ZTF18aatdbly,LongPeriodV*
ZTF18abdkacl,LongPeriodV*
ZTF18aazvdvq,LongPeriodV*
ZTF18aauebmx,LongPeriodV*
ZTF18aaxyrej,LongPeriodV*
ZTF18aazuvtw,LongPeriodV*
ZTF18abckrff,LongPeriodV*
ZTF18abcombw,LongPeriodV*
ZTF18abjmfsr,LongPeriodV*
ZTF18aazfeiq,LongPeriodV*
ZTF18abqcrqb,LongPeriodV*
ZTF17aaanphp,LongPeriodV*
ZTF18abhozkx,LongPeriodV*
ZTF19adntxeb,LongPeriodV*
ZTF18abcuaok,LongPeriodV*
ZTF18aaxyteo,LongPeriodV*
ZTF18adkprct,LongPeriodV*
ZTF17aaawfrg,LongPeriodV*
ZTF18abjksrm,LongPeriodV*
ZTF18abjmdbe,LongPeriodV*
ZTF18abcuqnt,LongPeriodV*
ZTF18aavefbq,LongPeriodV*
ZTF18abfwxza,LongPeriodV*
ZTF18abdjqiu,LongPeriodV*
ZTF17aaaeezw,LongPeriodV*
ZTF18abimnwb,LongPeriodV*
ZTF18absolny,LongPeriodV*
ZTF17aaaedzx,LongPeriodV*
ZTF17aaaearo,LongPeriodV*
ZTF18aayebno,LongPeriodV*
ZTF18abucnzo,LongPeriodV*
ZTF18aavqmtp,LongPeriodV*
ZTF18abcohuk,LongPeriodV*
ZTF18abadynn,LongPeriodV*
ZTF18aarwwba,LongPeriodV*
ZTF18aayuyfe,LongPeriodV*
ZTF18aaxluni,LongPeriodV*
ZTF18aawlozp,LongPeriodV*
ZTF18aazuwab,LongPeriodV*
ZTF18abmimgl,LongPeriodV*
ZTF18abmevrp,LongPeriodV*
ZTF18abjuebb,LongPeriodV*
ZTF18abgincx,LongPeriodV*
ZTF17aabvekq,LongPeriodV*
ZTF17aabsbbi,LongPeriodV*
ZTF18abikrpl,LongPeriodV*
ZTF18aaxyzco,LongPeriodV*
ZTF18aayeipa,LongPeriodV*
ZTF18abaszwl,LongPeriodV*
ZTF18aaywisp,LongPeriodV*
ZTF18abbmtfz,LongPeriodV*
ZTF18abjtltm,LongPeriodV*
ZTF18abilgyr,LongPeriodV*
ZTF18aasnnry,LongPeriodV*
ZTF18aaxavnb,LongPeriodV*
ZTF18aaxbmcf,LongPeriodV*
ZTF17aaawgjx,LongPeriodV*
ZTF18abfjrpd,LongPeriodV*
ZTF18aaxjdsl,LongPeriodV*
ZTF18abesdvq,LongPeriodV*
ZTF18aaypohe,LongPeriodV*
ZTF18aaxyyxt,LongPeriodV*
ZTF18aavefhu,LongPeriodV*
ZTF17aaboozm,LongPeriodV*
ZTF18aazfkkf,LongPeriodV*
ZTF18ablzzdq,LongPeriodV*
ZTF18aculpvi,LongPeriodV*
ZTF18adqkwsd,LongPeriodV*
ZTF18abmnsck,LongPeriodV*
ZTF18aayecxt,LongPeriodV*
ZTF18abaclcq,LongPeriodV*
ZTF18aayefzc,LongPeriodV*
ZTF18aaudxop,LongPeriodV*
ZTF17aaaeckw,LongPeriodV*
ZTF18abbdlad,LongPeriodV*
ZTF18abakhxc,LongPeriodV*
ZTF18adncsdm,LongPeriodV*
ZTF18abashwj,LongPeriodV*
ZTF18aaxppot,LongPeriodV*
ZTF18acskmpx,LongPeriodV*
ZTF18abeqxfi,LongPeriodV*
ZTF18abbsodp,LongPeriodV*
ZTF18abarfaq,LongPeriodV*
ZTF18aawaddn,LongPeriodV*
ZTF17aabuxem,LongPeriodV*
ZTF18abokjjf,LongPeriodV*
ZTF18aawuzyc,LongPeriodV*
ZTF17aaavccs,LongPeriodV*
ZTF18abmntwe,LongPeriodV*
ZTF17aabukgz,LongPeriodV*
ZTF18abmntxq,LongPeriodV*
ZTF18aaveeve,LongPeriodV*
ZTF18abmsnqz,LongPeriodV*
ZTF18abotgbg,LongPeriodV*
ZTF18acrulll,LongPeriodV*
ZTF18abdkfjj,LongPeriodV*
ZTF18adaubcy,LongPeriodV*
ZTF18aazlutc,LongPeriodV*
ZTF18abdbbls,LongPeriodV*
ZTF18abcbsts,LongPeriodV*
ZTF18aazlpoo,LongPeriodV*
ZTF18abmqxtk,LongPeriodV*
ZTF18aasnkyo,LongPeriodV*
ZTF18abfisxp,LongPeriodV*
ZTF18adkclya,LongPeriodV*
ZTF18abgygnu,LongPeriodV*
ZTF18acrulfg,LongPeriodV*
ZTF18acuxrui,LongPeriodV*
ZTF18abudtyl,LongPeriodV*
ZTF18aabfswp,LongPeriodV*
ZTF17aaawczq,LongPeriodV*
ZTF18abspljx,LongPeriodV*
ZTF18abchazl,LongPeriodV*
ZTF18abehmrq,LongPeriodV*
ZTF18abmrfoq,LongPeriodV*
ZTF18aauehsi,LongPeriodV*
ZTF18achcjyw,LongPeriodV*
ZTF18aawbmvu,LongPeriodV*
ZTF18abzyrvf,LongPeriodV*
ZTF18abkhxza,LongPeriodV*
ZTF18adqxhad,LongPeriodV*
ZTF18acbzatw,LongPeriodV*
ZTF18abchalf,LongPeriodV*
ZTF18abpnfzy,LongPeriodV*
ZTF18adautbm,LongPeriodV*
ZTF18aawblkc,LongPeriodV*
ZTF18abqctwg,LongPeriodV*
ZTF18abdksre,LongPeriodV*
ZTF18acapkvn,LongPeriodV*
ZTF18aaxdjug,LongPeriodV*
ZTF18abcbrgl,LongPeriodV*
ZTF18abvbgpb,LongPeriodV*
ZTF18aaynwlv,LongPeriodV*
ZTF18aaxddex,LongPeriodV*
ZTF18aaudxii,LongPeriodV*
ZTF18abnpgyc,LongPeriodV*
ZTF18abcoiyz,LongPeriodV*
ZTF18abmwcpp,LongPeriodV*
ZTF18aazndqc,LongPeriodV*
ZTF18aaxbjfu,LongPeriodV*
ZTF18acuarxa,LongPeriodV*
ZTF18aavefmh,LongPeriodV*
ZTF18aauenas,LongPeriodV*
ZTF18aazsuwg,LongPeriodV*
ZTF18aaxpsrc,LongPeriodV*
ZTF18abmgoao,LongPeriodV*
ZTF18aazezqc,LongPeriodV*
ZTF18abfiqfw,LongPeriodV*
ZTF18abmgtqy,LongPeriodV*
ZTF18aazdaeg,LongPeriodV*
ZTF18abgjptw,LongPeriodV*
ZTF18abaqvvv,LongPeriodV*
ZTF18aaudxih,LongPeriodV*
ZTF18aaxyuqt,LongPeriodV*
ZTF18abbgdxe,LongPeriodV*
ZTF18aboqzsb,LongPeriodV*
ZTF18abdbdwz,LongPeriodV*
ZTF18aavedyt,LongPeriodV*
ZTF19abixslv,LongPeriodV*
ZTF18acbzyzv,LongPeriodV*
ZTF18aauqrvm,LongPeriodV*
ZTF18adsfvoq,LongPeriodV*
ZTF18aabtvwe,LongPeriodV*
ZTF18aawunag,LongPeriodV*
ZTF18abbsnan,LongPeriodV*
ZTF17aactwsk,LongPeriodV*
ZTF18adkclkm,LongPeriodV*
ZTF18adaygfk,LongPeriodV*
ZTF18adkczjo,LongPeriodV*
ZTF17aadoqcz,LongPeriodV*
ZTF18aasnnjz,LongPeriodV*
ZTF18aaxdjsw,LongPeriodV*
ZTF18abaqxsj,LongPeriodV*
ZTF18abajwel,LongPeriodV*
ZTF18aawvbam,LongPeriodV*
ZTF18abjsjut,LongPeriodV*
ZTF18abdetst,LongPeriodV*
ZTF18abslgdd,LongPeriodV*
ZTF18abulndq,LongPeriodV*
ZTF18aayefzl,LongPeriodV*
ZTF18abaqxlh,LongPeriodV*
ZTF18abadmbs,LongPeriodV*
ZTF18aamhocy,LongPeriodV*
ZTF18abajdvn,LongPeriodV*
ZTF18abcqadw,LongPeriodV*
ZTF18abaatre,LongPeriodV*
ZTF18abwerlb,LongPeriodV*
ZTF18aayegbe,LongPeriodV*
ZTF18abrrmjl,LongPeriodV*
ZTF18abecntv,LongPeriodV*
ZTF18aboskgt,LongPeriodV*
ZTF18abaeipe,LongPeriodV*
ZTF18aayehlk,LongPeriodV*
ZTF18admcbzt,LongPeriodV*
ZTF18aawboov,LongPeriodV*
ZTF18aayvbru,LongPeriodV*
ZTF18aaxczhc,LongPeriodV*
ZTF18abcqfso,LongPeriodV*
ZTF18abablho,LongPeriodV*
ZTF18abehfas,LongPeriodV*
ZTF18aayvbrf,LongPeriodV*
ZTF18abnuhbb,LongPeriodV*
ZTF18aayhvds,LongPeriodV*
ZTF18abjqmsr,LongPeriodV*
ZTF18abcvcgp,LongPeriodV*
ZTF18abijnmb,LongPeriodV*
ZTF18abcplcp,LongPeriodV*
ZTF17aaafibp,LongPeriodV*
ZTF17aaapdji,LongPeriodV*
ZTF18abacnit,LongPeriodV*
ZTF18admafbi,LongPeriodV*
ZTF17aaawsra,LongPeriodV*
ZTF18abcqshz,LongPeriodV*
ZTF18abaqxkg,LongPeriodV*
ZTF18abkrnwi,LongPeriodV*
ZTF18adlfoir,LongPeriodV*
ZTF18abbtciw,LongPeriodV*
ZTF18aawacbs,LongPeriodV*
ZTF18aaioqfr,LongPeriodV*
ZTF18admodbj,LongPeriodV*
ZTF18aaznfcw,LongPeriodV*
ZTF18abadyvg,LongPeriodV*
ZTF18abkmquh,LongPeriodV*
ZTF18adjxdxi,LongPeriodV*
ZTF18aazvdie,LongPeriodV*
ZTF18abllfdh,LongPeriodV*
ZTF18abajvlh,LongPeriodV*
ZTF18acwncxp,LongPeriodV*
ZTF18abcxotr,LongPeriodV*
ZTF18abcouio,LongPeriodV*
ZTF18abhflbg,LongPeriodV*
ZTF18abqcsyb,LongPeriodV*
ZTF18adlwrsd,LongPeriodV*
ZTF18abjueba,LongPeriodV*
ZTF18aaztjkv,LongPeriodV*
ZTF18aaojpub,LongPeriodV*
ZTF18aagiftx,LongPeriodV*
ZTF18abmeyvg,LongPeriodV*
ZTF18abdihhl,LongPeriodV*
ZTF18aaibkqn,LongPeriodV*
ZTF18abcvwfc,LongPeriodV*
ZTF18abbukkl,LongPeriodV*
ZTF18adaiqcy,LongPeriodV*
ZTF18abblunr,LongPeriodV*
ZTF18acguved,LongPeriodV*
ZTF18aayefdr,LongPeriodV*
ZTF17aaaeaqw,LongPeriodV*
ZTF18aaudxqk,LongPeriodV*
ZTF19aaevadn,LongPeriodV*
ZTF18aabffzw,LongPeriodV*
ZTF18aawvamu,LongPeriodV*
ZTF18aawbmyf,LongPeriodV*
ZTF18abdksxd,LongPeriodV*
ZTF18abdksxe,LongPeriodV*
ZTF18abjfsli,LongPeriodV*
ZTF18aayvbjn,LongPeriodV*
ZTF18aayprio,LongPeriodV*
ZTF18aavjiqd,LongPeriodV*
ZTF19abmyiwq,LongPeriodV*
ZTF18absiwua,LongPeriodV*
ZTF18aavewqw,LongPeriodV*
ZTF18abnufvs,LongPeriodV*
ZTF18aauehrb,LongPeriodV*
ZTF18aaxaozr,LongPeriodV*
ZTF18abmldak,LongPeriodV*
ZTF18aavljrv,LongPeriodV*
ZTF18adatnvs,LongPeriodV*
ZTF17aaczrue,LongPeriodV*
ZTF18abfioov,LongPeriodV*
ZTF18aaxuzrr,LongPeriodV*
ZTF18aaywimi,LongPeriodV*
ZTF18ablgnyu,LongPeriodV*
ZTF17aaawgnd,LongPeriodV*
ZTF18abajuvo,LongPeriodV*
ZTF18adkntty,LongPeriodV*
ZTF18abbmsmk,LongPeriodV*
ZTF18abslglr,LongPeriodV*
ZTF19aaeqlip,LongPeriodV*
ZTF18acvudzn,LongPeriodV*
ZTF18abcjane,LongPeriodV*
ZTF17aaaqknp,LongPeriodV*
ZTF18aaxltdj,LongPeriodV*
ZTF17aaafifb,LongPeriodV*
ZTF18aasnjaq,LongPeriodV*
ZTF18aapmrbh,LongPeriodV*
ZTF18aauqldc,LongPeriodV*
ZTF18aayegai,LongPeriodV*
ZTF18acdwmsx,LongPeriodV*
ZTF18aaxysrn,LongPeriodV*
ZTF18aayeemu,LongPeriodV*
ZTF18acrvawx,LongPeriodV*
ZTF18abcnzbt,LongPeriodV*
ZTF18abpocbb,LongPeriodV*
ZTF18aaxprga,LongPeriodV*
ZTF18abmreig,LongPeriodV*
ZTF18aazuujf,LongPeriodV*
ZTF18abadywa,LongPeriodV*
ZTF18aazfcir,LongPeriodV*
ZTF18abnmyiw,LongPeriodV*
ZTF18abeznun,LongPeriodV*
ZTF18abcjbvf,LongPeriodV*
ZTF18abehjlz,LongPeriodV*
ZTF18abtjgpv,LongPeriodV*
ZTF18abmaigv,LongPeriodV*
ZTF18acavogb,LongPeriodV*
ZTF18adauldp,LongPeriodV*
ZTF18aaxyuaf,LongPeriodV*
ZTF18aawbojp,LongPeriodV*
ZTF18aawalol,LongPeriodV*
ZTF18aasnpok,LongPeriodV*
ZTF18aaypoop,LongPeriodV*
ZTF18abnuelr,LongPeriodV*
ZTF18aaxaqqq,LongPeriodV*
ZTF18aavqmtt,LongPeriodV*
ZTF18abccswi,LongPeriodV*
ZTF18abdktgm,LongPeriodV*
ZTF17aabpnin,LongPeriodV*
ZTF18abmqyuw,LongPeriodV*
ZTF18aavefci,LongPeriodV*
ZTF18abcbqyd,LongPeriodV*
ZTF18ababmqq,LongPeriodV*
ZTF17aaapvpe,LongPeriodV*
ZTF18abdkcxu,LongPeriodV*
ZTF18aaveggi,LongPeriodV*
ZTF18aaxddcc,LongPeriodV*
ZTF17aabncnv,LongPeriodV*
ZTF18abjsrfo,LongPeriodV*
ZTF18abbsmts,LongPeriodV*
ZTF18aaywrxk,LongPeriodV*
ZTF18abgrubv,LongPeriodV*
ZTF18adaivrz,LongPeriodV*
ZTF18aaxnaur,LongPeriodV*
ZTF18abjnaxm,LongPeriodV*
ZTF18abadmtm,LongPeriodV*
ZTF18abhozxd,LongPeriodV*
ZTF17aaapwkm,LongPeriodV*
ZTF18abmredl,LongPeriodV*
ZTF18acgbpdy,LongPeriodV*
ZTF18ababoac,LongPeriodV*
ZTF18abaqnbx,LongPeriodV*
ZTF18aazmbqd,LongPeriodV*
ZTF18aaqikwu,LongPeriodV*
ZTF18abmwspu,LongPeriodV*
ZTF18abjlrbt,LongPeriodV*
ZTF18abjhbnx,LongPeriodV*
ZTF18abylttr,LongPeriodV*
ZTF18aazmfey,LongPeriodV*
ZTF18accvhmi,LongPeriodV*
ZTF18abtimpq,LongPeriodV*
ZTF18aazswmo,LongPeriodV*
ZTF18adjujqj,LongPeriodV*
ZTF18abjtjpw,LongPeriodV*
ZTF17aaawgde,LongPeriodV*
ZTF18aavghpd,LongPeriodV*
ZTF18abmsour,LongPeriodV*
ZTF18abqkxbc,LongPeriodV*
ZTF18adkigur,LongPeriodV*
ZTF18abjsxqo,LongPeriodV*
ZTF18acrwlem,LongPeriodV*
ZTF18aaxpsyn,LongPeriodV*
ZTF18aammmzl,LongPeriodV*
ZTF18abbmtho,LongPeriodV*
ZTF18abhywoj,LongPeriodV*
ZTF18aaqzfgk,LongPeriodV*
ZTF18abmreje,LongPeriodV*
ZTF18abhflbf,LongPeriodV*
ZTF19adntwqh,LongPeriodV*
ZTF18abgshbr,LongPeriodV*
ZTF18aazvhrc,LongPeriodV*
ZTF18adjuerm,LongPeriodV*
ZTF18aayhpyi,LongPeriodV*
ZTF18aauqssh,LongPeriodV*
ZTF18abaraey,LongPeriodV*
ZTF18abgqymb,LongPeriodV*
ZTF18abnvufu,LongPeriodV*
ZTF18abadjhi,LongPeriodV*
ZTF18abcwxpa,LongPeriodV*
ZTF18aavefco,LongPeriodV*
ZTF18abuccyr,LongPeriodV*
ZTF18adljdvf,LongPeriodV*
ZTF18abbsmym,LongPeriodV*
ZTF18abcogko,LongPeriodV*
ZTF18abijtzo,LongPeriodV*
ZTF18abdkuch,LongPeriodV*
ZTF18abscwct,LongPeriodV*
ZTF18abhotgt,LongPeriodV*
ZTF18abnueos,LongPeriodV*
ZTF18abikmxt,LongPeriodV*
ZTF18abarewg,LongPeriodV*
ZTF18abfktyx,LongPeriodV*
ZTF17aaajzoq,LongPeriodV*
ZTF18abijzwy,LongPeriodV*
ZTF18aculqke,LongPeriodV*
ZTF19abfyiez,LongPeriodV*
ZTF18adljdva,LongPeriodV*
ZTF18aavllch,LongPeriodV*
ZTF18abdkvbt,LongPeriodV*
ZTF17aabophf,LongPeriodV*
ZTF18aayeqce,LongPeriodV*
ZTF17aaaidag,LongPeriodV*
ZTF18aawbncv,LongPeriodV*
ZTF18aaudzns,LongPeriodV*
ZTF18adjvzkb,LongPeriodV*
ZTF18acuxucs,LongPeriodV*
ZTF18aaynxfa,LongPeriodV*
ZTF18abcttyl,LongPeriodV*
ZTF18abatade,LongPeriodV*
ZTF18abtovmd,LongPeriodV*
ZTF18abobukx,LongPeriodV*
ZTF18abeymnb,LongPeriodV*
ZTF18abacsrx,LongPeriodV*
ZTF18aaynmsg,LongPeriodV*
ZTF18adkrofn,LongPeriodV*
ZTF18abqdjgi,LongPeriodV*
ZTF18abbvdek,LongPeriodV*
ZTF18aadlqnx,LongPeriodV*
ZTF18abcojgw,LongPeriodV*
ZTF18abaqgow,LongPeriodV*
ZTF18abijtpj,LongPeriodV*
ZTF18abfsfez,LongPeriodV*
ZTF18aajuxzy,LongPeriodV*
ZTF18abbsoex,LongPeriodV*
ZTF18abnoxwb,LongPeriodV*_Candidate
ZTF18acdxbyq,LongPeriodV*_Candidate
ZTF18aaydgyu,LongPeriodV*_Candidate
ZTF18abhpkea,LongPeriodV*_Candidate
ZTF18abcmuok,LongPeriodV*_Candidate
ZTF18aavghup,LongPeriodV*_Candidate
ZTF18abjhaeo,LongPeriodV*_Candidate
ZTF18abxpkeg,LongPeriodV*_Candidate
ZTF18abjfhdy,LongPeriodV*_Candidate
ZTF18acyuvkh,LongPeriodV*_Candidate
ZTF18abtfqai,LongPeriodV*_Candidate
ZTF18abspuei,LongPeriodV*_Candidate
ZTF18abjueao,LongPeriodV*_Candidate
ZTF17aabskvu,LongPeriodV*_Candidate
ZTF18admgdeo,LongPeriodV*_Candidate
ZTF18abtvutj,LongPeriodV*_Candidate
ZTF18abqctgj,LongPeriodV*_Candidate
ZTF18aaxjkmy,LongPeriodV*_Candidate
ZTF18abnkakd,LongPeriodV*_Candidate
ZTF19aajwjrz,LongPeriodV*_Candidate
ZTF18acultin,LongPeriodV*_Candidate
ZTF19aaercct,LongPeriodV*_Candidate
ZTF18abjudwp,LongPeriodV*_Candidate
ZTF18adavehp,LongPeriodV*_Candidate
ZTF18aauolvv,LongPeriodV*_Candidate
ZTF18abmvqey,LongPeriodV*_Candidate
ZTF17aaawhlo,LongPeriodV*_Candidate
ZTF18abmahbi,LongPeriodV*_Candidate
ZTF18acruksq,LongPeriodV*_Candidate
ZTF18abvuiiu,LongPeriodV*_Candidate
ZTF18acrvrec,LongPeriodV*_Candidate
ZTF18aculpou,LongPeriodV*_Candidate
ZTF18abjuegj,LongPeriodV*_Candidate
ZTF18aculpeq,LongPeriodV*_Candidate
ZTF18acuwtch,LongPeriodV*_Candidate
ZTF18abmqvro,LongPeriodV*_Candidate
ZTF18acakero,LongPeriodV*_Candidate
ZTF17aaaphpv,LongPeriodV*_Candidate
ZTF18abwnedu,LongPeriodV*_Candidate
ZTF18abnpjaq,LongPeriodV*_Candidate
ZTF18abidpxf,LongPeriodV*_Candidate
ZTF17aabuwra,LongPeriodV*_Candidate
ZTF18acruosl,LongPeriodV*_Candidate
ZTF19aaabvrq,LongPeriodV*_Candidate
ZTF18actbfjh,LongPeriodV*_Candidate
ZTF19aaabzfa,LongPeriodV*_Candidate
ZTF18ablocwk,LongPeriodV*_Candidate
ZTF19acwrvzk,LowMassXBin
ZTF25abvrbqg,Microlensing candidate
ZTF18adshgaq,Unknown
ZTF25abwnxxl,Unknown
ZTF18abdljvw,Mira
ZTF18aasncil,Mira
ZTF18abegifn,Mira
ZTF18aaptads,Mira
ZTF18aaxnaru,Mira
ZTF18aayxony,Mira
ZTF18adkblkq,Mira
ZTF18abgqvjy,Mira
ZTF17aabuwat,Mira
ZTF18abmbhzm,Mira
ZTF18aawvauw,Mira
ZTF19aaerenz,Mira
ZTF18admqbrt,Mira
ZTF18aabqtud,Mira
ZTF18abdgqzs,Mira
ZTF18abjffzn,Mira
ZTF18aazuxhr,Mira
ZTF18abikosy,Mira
ZTF18aaueeni,Mira
ZTF18abjyzqv,Mira
ZTF18acuxpjn,Mira
ZTF18abarfaj,Mira
ZTF18ababkft,Mira
ZTF18abmaoih,Mira
ZTF17aaadyqp,Mira
ZTF18aayuzbj,Mira
ZTF18aazuvzo,Mira
ZTF18abjlshk,Mira
ZTF18aazvdsc,Mira
ZTF18aabfqzc,Mira
ZTF18abjyyti,Mira
ZTF18aaydgkt,Mira
ZTF18abmagqk,Mira
ZTF18abnqozr,Mira
ZTF18adjwaks,Mira
ZTF18aawmdgg,Mira
ZTF17aadldww,Mira
ZTF18abahvdi,Mira
ZTF18abgrgvj,Mira
ZTF18abjdnop,Mira
ZTF18aawbmnu,Mira
ZTF18abfiqfg,Mira
ZTF18adjlqgv,Mira
ZTF18adkoxik,Mira
ZTF17aaadyyg,Mira
ZTF18aazwdrd,Mira
ZTF18aawaddl,Mira
ZTF19aaerdnj,Mira
ZTF18abbsoco,Mira
ZTF18ablsdva,Mira
ZTF18aayoyld,Mira
ZTF18aavlfhs,Mira
ZTF18acabvsw,Mira
ZTF18adqidfn,Mira
ZTF18aaypbez,Mira
ZTF17aaboowd,Mira
ZTF18abajlxc,Mira
ZTF18adlymru,Mira
ZTF18abbslqp,Mira
ZTF18adjwkyg,Mira
ZTF18aavlgld,Mira
ZTF18aayecvw,Mira
ZTF18abijvvb,Mira
ZTF18abbeusb,Mira
ZTF18aavefhq,Mira
ZTF18abhfafu,Mira
ZTF18admmzez,Mira
ZTF18abiklhg,Mira
ZTF18aaudzme,Mira
ZTF18aawaczm,Mira
ZTF17aaahftu,Mira
ZTF18aculorx,Mira
ZTF18abmjnwy,Mira
ZTF18abjqmri,Mira
ZTF18abkohws,Mira
ZTF18aaxjkit,Mira
ZTF17aabutdo,Mira
ZTF18aaxnbun,Mira
ZTF18aasnflc,Mira
ZTF18aayoaxw,Mira
ZTF18aavymre,Mira
ZTF17aaadycq,Mira
ZTF18aaydbem,Mira
ZTF18abgydmr,Mira
ZTF18abjlncv,Mira
ZTF18aaudysf,Mira
ZTF18aavzlkw,Mira
ZTF18adlanyb,Mira
ZTF18abjfgnh,Mira
ZTF18aazwlpb,Mira
ZTF18abbdbsn,Mira
ZTF18abecrkz,Mira
ZTF17aaaqhdl,Mira
ZTF18abtpamv,Mira
ZTF18abablkn,Mira
ZTF18aayphfs,Mira
ZTF18aaypnnt,Mira
ZTF18aazuthd,Mira
ZTF18abijxcx,Mira
ZTF18abasmts,Mira
ZTF18aaxlsxl,Mira
ZTF18ababkup,Mira
ZTF18aayecwi,Mira
ZTF19aaakehc,Mira
ZTF18aayegzm,Mira
ZTF18abajldg,Mira
ZTF18aawmalb,Mira
ZTF18aaynqsn,Mira
ZTF18abaegzi,Mira
ZTF18acavmud,Mira
ZTF18abmapbi,Mira
ZTF18aayvced,Mira
ZTF17aabvgjf,Mira
ZTF18abmjicy,Mira
ZTF18abcgngg,Mira
ZTF18abwthto,Mira
ZTF18abmnjqn,Mira
ZTF18adqfrxl,Mira
ZTF18adlryvt,Mira
ZTF18abjhbhw,Mira
ZTF18abnojyk,Mira
ZTF17aaaecfv,Mira
ZTF18abhfbtw,Mira
ZTF18aaxnaao,Mira
ZTF18aboskel,Mira
ZTF18abmefgo,Mira
ZTF18aazewub,Mira
ZTF18abnphyt,Mira
ZTF18aasnhjk,Mira
ZTF18abacrjr,Mira
ZTF18aaxidwr,Mira
ZTF18absqahz,Mira
ZTF18aavefsj,Mira
ZTF18adjzocx,Mira
ZTF18abmqtwe,Mira
ZTF18abfisdf,Mira
ZTF18adjvsyz,Mira
ZTF18abcjaer,Mira
ZTF18abegcmu,Mira
ZTF18aabrxyr,Mira
ZTF18abjhcdk,Mira
ZTF18abgjlab,Mira
ZTF17aaarxfh,Mira
ZTF18aaabhqu,Mira
ZTF18abcgpsd,Mira
ZTF18abgqxlu,Mira
ZTF18aavlfjr,Mira
ZTF18aavytct,Mira
ZTF18aaxyylc,Mira
ZTF18abvcjdl,Mira
ZTF18abfrvtd,Mira
ZTF18abaqxdw,Mira
ZTF18abmmhvn,Mira
ZTF18abcjnha,Mira
ZTF18abpcbpl,Mira
ZTF17aaagrto,Mira
ZTF18aayeabz,Mira
ZTF18abmagun,Mira
ZTF18abcfwwu,Mira
ZTF18abijvtx,Mira
ZTF18aazvalu,Mira
ZTF18abnshxq,Mira
ZTF18abjlygt,Mira
ZTF18aayehci,Mira
ZTF18abikbuy,Mira
ZTF18abacxpa,Mira
ZTF18aayuyxo,Mira
ZTF18abgqybz,Mira
ZTF18aayeewa,Mira
ZTF18abmaocf,Mira
ZTF18aavepno,Mira
ZTF18aauebgx,Mira
ZTF18aazgcnw,Mira
ZTF18aavefhr,Mira
ZTF18acpcyob,Mira
ZTF17aabukim,Mira
ZTF18abcvwcc,Mira
ZTF18aayegdb,Mira
ZTF18adjvtdj,Mira
ZTF18aazazlh,Mira
ZTF18aaxjkfj,Mira
ZTF18abctxln,Mira
ZTF18aazutxe,Mira
ZTF18adjvsui,Mira
ZTF18acruxvu,Mira
ZTF18aaptbza,Mira
ZTF18admalud,Mira
ZTF18aayecvs,Mira
ZTF18abdauou,Mira
ZTF17aaadmkr,Mira
ZTF17aaaeupv,Mira
ZTF18abgqxas,Mira
ZTF18abcgngd,Mira
ZTF18aaynvrd,Mira
ZTF18aaxpogm,Mira
ZTF18ablwnak,Mira
ZTF18abijvtk,Mira
ZTF18aavefgq,Mira
ZTF18abcjaez,Mira
ZTF19adnuazm,Mira
ZTF17aaborjb,Mira
ZTF17aaawcrd,Mira
ZTF17aaapvqy,Mira
ZTF17aabopig,Mira
ZTF18adqfzue,Mira
ZTF18abjgcnz,Mira
ZTF18aawlmwm,Mira
ZTF18aaxulbl,Mira
ZTF18aazlsco,Mira
ZTF18abadxwm,Mira
ZTF18abdevcq,Mira
ZTF18abhozbp,Mira
ZTF18adkpcsb,Mira
ZTF18absuokx,Mira
ZTF18abaclzf,Mira
ZTF18abcwain,Mira
ZTF18aayvbqw,Mira
ZTF18abmvocp,Mira
ZTF17aaaeolc,Mira
ZTF18adkczyw,Mira
ZTF18abmfybh,Mira
ZTF17aaaednn,Mira
ZTF18adauaal,Mira
ZTF18abscepy,Mira
ZTF18abnpfbp,Mira
ZTF18aawbjgm,Mira
ZTF18aasnpbu,Mira
ZTF18abcjaey,Mira
ZTF18adaubcx,Mira
ZTF18aavlgkj,Mira
ZTF18abpuiqs,Mira
ZTF18aazuxhx,Mira
ZTF18ablpfes,Mira
ZTF18adjlqkn,Mira
ZTF18aavefrq,Mira
ZTF17aaadytb,Mira
ZTF18abbstjg,Mira
ZTF18abnpdoz,Mira
ZTF18aazfdxo,Mira
ZTF17aaawgor,Mira
ZTF18abnpfxx,Mira
ZTF18aaxiasv,Mira
ZTF18abjfhcy,Mira
ZTF18abmeyyp,Mira
ZTF18aaxaoox,Mira
ZTF18aaxnbut,Mira
ZTF18abndpxe,Mira
ZTF18adkpehh,Mira
ZTF18aazsmjt,Mira
ZTF18aaztgae,Mira
ZTF18adkftfe,Mira
ZTF18aavysdz,Mira
ZTF18abaqfeh,Mira
ZTF18adqfzku,Mira
ZTF18abcoxve,Mira
ZTF18aawlmoe,Mira
ZTF18abchixs,Mira
ZTF18abcgpse,Mira
ZTF18aavferb,Mira
ZTF18aaxdcpy,Mira
ZTF18acvdpne,Mira
ZTF18aawbohq,Mira
ZTF17aabpncp,Mira
ZTF18acqvltc,Mira
ZTF18aasnhjf,Mira
ZTF18abbughz,Mira
ZTF18abbkzwa,Mira
ZTF18acrukmk,Mira
ZTF18abcoygu,Mira
ZTF17aaawqgi,Mira
ZTF18aayeace,Mira
ZTF18abcxbne,Mira
ZTF18aawuzht,Mira
ZTF18acrvavf,Mira
ZTF18aaxmxwa,Mira
ZTF18aayxheb,Mira
ZTF18abareub,Mira
ZTF18abdhxlo,Mira
ZTF18abhpace,Mira
ZTF17aaadzlq,Mira
ZTF18aazdcdq,Mira
ZTF18aaxyrni,Mira
ZTF18abijcfp,Mira
ZTF18admghdo,Mira
ZTF18abrrqmk,Mira
ZTF18aabfear,Mira
ZTF18abrskhb,Mira
ZTF18adkbdsa,Mira
ZTF18abmiqto,Mira
ZTF18aczeczf,Mira
ZTF17aaawgmx,Mira
ZTF18abnupad,Mira
ZTF18aaxlthe,Mira
ZTF17aaaedjh,Mira
ZTF18abgrtsa,Mira
ZTF18abijzwk,Mira
ZTF18abadmfk,Mira
ZTF17aaawgos,Mira
ZTF18abcwyva,Mira
ZTF17aabpjrs,Mira
ZTF18aawcdca,Mira
ZTF18abtmyzr,Mira
ZTF18abfxgjo,Mira
ZTF17aaadbvh,Mira
ZTF18abcttnz,Mira
ZTF18aasnoye,Mira
ZTF18abjhbny,Mira
ZTF18aayunnz,Mira
ZTF18aaxpszn,Mira
ZTF18abcjaxg,Mira
ZTF18aaxyvde,Mira
ZTF18aaueejf,Mira
ZTF17aaaehzl,Mira
ZTF18aasnhlo,Mira
ZTF18abckpir,Mira
ZTF18abaretm,Mira
ZTF18aawmdnr,Mira
ZTF18aazsmkb,Mira
ZTF18aaiojjl,Mira
ZTF18aazmxfv,Mira
ZTF18abcttot,Mira
ZTF18adkpehp,Mira
ZTF18abojulj,Mira
ZTF18abbuajt,Mira
ZTF18aawaddp,Mira
ZTF18adqfxsd,Mira
ZTF18aaxjkkx,Mira
ZTF18abbeuqj,Mira
ZTF18abcbqwt,Mira
ZTF18aaaofcy,Mira
ZTF18aayegbk,Mira
ZTF18aayhitb,Mira
ZTF18aasnqao,Mira
ZTF18aaxvbvi,Mira
ZTF17aaawzuh,Mira
ZTF17aaagrcw,Mira
ZTF18aaxddaa,Mira
ZTF18aazuqvr,Mira
ZTF18abikmyn,Mira
ZTF18abdettb,Mira
ZTF18aazvjzf,Mira
ZTF18accmyef,Mira
ZTF18aaudysl,Mira
ZTF18adkczzc,Mira
ZTF18aakzatw,Mira
ZTF18aapmowj,Mira
ZTF18aayecfb,Mira
ZTF18abgqycb,Mira
ZTF18abbsycd,Mira
ZTF18adkbcsh,Mira
ZTF18abadynl,Mira
ZTF18abaquqn,Mira
ZTF18abicadc,Mira
ZTF18aaxanff,Mira
ZTF18adjuewo,Mira
ZTF18aayegem,Mira
ZTF18aazstix,Mira
ZTF18abdeulq,Mira
ZTF18abeciwa,Mira
ZTF18aawbjvo,Mira
ZTF18abaqyhv,Mira
ZTF18aavqmbq,Mira
ZTF18aazlqqm,Mira
ZTF18abbsmef,Mira
ZTF18aaaamdp,Mira
ZTF18abqejxy,Mira
ZTF18abgqxat,Mira
ZTF18abeyzsm,Mira
ZTF18aaxiitk,Mira
ZTF18aawbkzx,Mira
ZTF18abctttf,Mira
ZTF18abnpliu,Mira
ZTF18abijwai,Mira
ZTF17aaaedtk,Mira
ZTF18abtospo,Mira
ZTF18aauqqgj,Mira
ZTF18absbvla,Mira
ZTF18adkcxxz,Mira
ZTF18acrulsj,Mira
ZTF18abbsocu,Mira
ZTF18aarappc,Mira
ZTF18abmigmc,Mira
ZTF18abmbjpi,Mira
ZTF18abfiuso,Mira
ZTF18abgysbl,Mira
ZTF18aaxlsmz,Mira
ZTF18abbnmdf,Mira
ZTF18abecxfi,Mira
ZTF18aabgrsl,Mira
ZTF18adkaajo,Mira
ZTF18abmagnk,Mira
ZTF18aazfaen,Mira
ZTF18abbnsun,Mira
ZTF18aazfecp,Mira
ZTF18abijwcv,Mira
ZTF18aavyqmy,Mira
ZTF18aayvclm,Mira
ZTF17aaaeagl,Mira
ZTF18abbvbag,Mira
ZTF18aavefqc,Mira
ZTF18abdlgui,Mira
ZTF18aavegfg,Mira
ZTF18aazmfew,Mira
ZTF18abtkygp,Mira
ZTF18aaveffs,Mira
ZTF18abmrgwg,Mira
ZTF18abfxowk,Mira
ZTF18aazuorc,Mira
ZTF18aaypebg,Mira
ZTF18adjxisi,Mira
ZTF18aausdve,Mira
ZTF18admodkw,Mira
ZTF18abbdfho,Mira
ZTF18ablrrxd,Mira
ZTF18abasjxr,Mira
ZTF18aaxytum,Mira
ZTF18abrrlza,Mira
ZTF18abgtqwp,Mira
ZTF18adlrvpd,Mira
ZTF18abiyayv,Mira
ZTF18aawboql,Mira
ZTF18aazlscr,Mira
ZTF18admbgwc,Mira
ZTF18abmqmam,Mira
ZTF18abjtjvb,Mira
ZTF18aayoamm,Mira
ZTF18abaqlck,Mira
ZTF18aaxyuvx,Mira
ZTF18acnnxkr,Mira
ZTF18adjsovc,Mira
ZTF18abrrqku,Mira
ZTF18ablhvso,Mira
ZTF18abrrmfe,Mira
ZTF18abcocra,Mira
ZTF17aaawspz,Mira
ZTF18abgqxlt,Mira
ZTF18adqfzls,Mira
ZTF18aaxyrei,Mira
ZTF18aazsqub,Mira
ZTF18acrvejk,Mira
ZTF17aaaabak,Mira
ZTF18aawbjvi,Mira
ZTF18abiuhjy,Mira
ZTF18abhozkt,Mira
ZTF18aaudxul,Mira
ZTF17aabwjuh,Mira
ZTF18admuwhp,Mira
ZTF18adkozhi,Mira
ZTF18adjxrns,Mira
ZTF19abpizoc,Mira
ZTF17aaawqrd,Mira
ZTF17aaaeddx,Mira
ZTF18aaadszs,Mira
ZTF18adkcxla,Mira
ZTF17aaaedaz,Mira
ZTF18ablxmqp,Mira
ZTF18aayemww,Mira
ZTF18aaynwyf,Mira
ZTF18abbeuik,Mira
ZTF18abtpalg,Mira
ZTF18abbdbsx,Mira
ZTF18abmrgrh,Mira
ZTF18abkhfrn,Mira
ZTF18abccqsy,Mira
ZTF17aaaeohq,Mira
ZTF18adkoarr,Mira
ZTF18abjtlmk,Mira
ZTF18abadyxq,Mira
ZTF18adjxlhb,Mira
ZTF18aazwlqa,Mira
ZTF18abdkyhg,Mira
ZTF18abgrgva,Mira
ZTF18abmedeg,Mira
ZTF17aaarzwv,Mira
ZTF18abarcjh,Mira
ZTF18abrrmez,Mira
ZTF18aayhqbc,Mira
ZTF18aaynwxm,Mira
ZTF18abasjvp,Mira
ZTF18aaufjdr,Mira
ZTF18adjxvcn,Mira
ZTF18aawvbca,Mira
ZTF18abvcygj,Mira
ZTF18abdlgks,Mira
ZTF18aaadvwl,Mira
ZTF18adjxiyb,Mira
ZTF18abdkwis,Mira
ZTF18aaxapzo,Mira
ZTF18abbubyf,Mira
ZTF18aaudyuv,Mira
ZTF18abgqxys,Mira
ZTF18abijuhu,Mira
ZTF18aawaclr,Mira
ZTF18abwlboj,Mira
ZTF18abcwnet,Mira
ZTF17aaarsfk,Mira
ZTF18absieph,Mira
ZTF18aaudysh,Mira
ZTF18abdkebn,Mira
ZTF18aaxpqvo,Mira
ZTF18acqvlpb,Mira
ZTF17aabuvlm,Mira
ZTF18abaraqa,Mira
ZTF18abdljje,Mira
ZTF18abgsjqs,Mira
ZTF18abhjsog,Mira
ZTF18abvmkxx,Mira
ZTF18aawcfnq,Mira
ZTF17aaclsag,Mira
ZTF18abctuls,Mira
ZTF18abmirmy,Mira
ZTF18abbsmcv,Mira
ZTF18aayeeub,Mira
ZTF17aabvfze,Mira
ZTF18aazsmic,Mira
ZTF18aaiolfe,Mira
ZTF18aabgcgn,Mira
ZTF18acebipf,Mira
ZTF18adjwmts,Mira
ZTF18abcoxyd,Mira
ZTF18adkpcrc,Mira
ZTF18aawvavj,Mira
ZTF18abeegfn,Mira
ZTF18abrxgmw,Mira
ZTF18abortir,Mira
ZTF18abecjyx,Mira
ZTF18aaxdniw,Mira
ZTF18abfsfit,Mira
ZTF18adkpsds,Mira
ZTF18aaxyufq,Mira
ZTF18abijugr,Mira
ZTF18abrtvoy,Mira
ZTF18abcofnw,Mira
ZTF18aauqdno,Mira
ZTF18abcvwbt,Mira
ZTF18abbluqp,Mira
ZTF18abmamzo,Mira
ZTF18adkchzz,Mira
ZTF18aawccpp,Mira
ZTF18abnyoar,Mira
ZTF18abijzwi,Mira
ZTF18abuduua,Mira
ZTF18aaveltf,Mira
ZTF18abdeuqf,Mira
ZTF18aaxlthd,Mira
ZTF18acrukrf,Mira
ZTF18adixhtu,Mira
ZTF18aawvauy,Mira
ZTF18abegdbf,Mira
ZTF18aayebii,Mira
ZTF18abllmjf,Mira
ZTF18abcoedw,Mira
ZTF18aammevo,Mira
ZTF18aavghpj,Mira
ZTF18abcobwy,Mira
ZTF18abcwbzv,Mira
ZTF18aavefmq,Mira
ZTF18adqmqpf,Mira
ZTF17aaawrbq,Mira
ZTF18abbsmtb,Mira
ZTF18aaxlsyf,Mira
ZTF18abjlzmq,Mira
ZTF18aayeevy,Mira
ZTF18aaaatbd,Mira
ZTF18aapmprn,Mira
ZTF18abdfqwp,Mira
ZTF18abablko,Mira
ZTF18abbcudq,Mira
ZTF18aaynsrh,Mira
ZTF18acnnwyu,Mira
ZTF18ababnzm,Mira
ZTF18aaxjkfq,Mira
ZTF18abpmxgs,Mira
ZTF18adjuema,Mira
ZTF18abojuaj,Mira
ZTF18adqfyia,Mira
ZTF18abgqwkg,Mira
ZTF18adqfrxw,Mira
ZTF18abcbrvb,Mira
ZTF18aaxbcjn,Mira
ZTF18abcgonk,Mira
ZTF18aaxplkw,Mira
ZTF18adisfii,Mira
ZTF18adkcxxw,Mira
ZTF18ablxluq,Mira
ZTF18abgrams,Mira
ZTF18abdkdoe,Mira
ZTF18acullyu,Mira
ZTF18abbmtez,Mira
ZTF18aawcese,Mira
ZTF18abmamzl,Mira
ZTF18acwfwxy,Mira
ZTF18aaydfne,Mira
ZTF18abbslov,Mira
ZTF18aayxonb,Mira
ZTF17aaaejuq,Mira
ZTF18adkpdvi,Mira
ZTF18abbsnwn,Mira
ZTF18abbobro,Mira
ZTF18aayvblk,Mira
ZTF18aazwehl,Mira
ZTF18aavzlgd,Mira
ZTF18abdlkue,Mira
ZTF18aazmffx,Mira
ZTF18abntzjo,Mira
ZTF17aaaedjx,Mira
ZTF18acrvcje,Mira
ZTF17aaanwwp,Mira
ZTF18aayvbkw,Mira
ZTF18aaueeok,Mira
ZTF18abmrgec,Mira
ZTF18aayeaca,Mira
ZTF18accehoj,Mira
ZTF18acrvrcg,Mira
ZTF18adjvscx,Mira
ZTF18absksov,Mira
ZTF18abjtmnp,Mira
ZTF18abcxbga,Mira
ZTF18abdeuqr,Mira
ZTF18aayegab,Mira
ZTF18ababmeo,Mira
ZTF18aazvhid,Mira
ZTF18aasnncf,Mira
ZTF18aaypofi,Mira
ZTF18aawcdpq,Mira
ZTF18aaynxtr,Mira
ZTF18abgybwn,Mira
ZTF18aaudxvv,Mira
ZTF18adjxhxl,Mira
ZTF18abmagpy,Mira
ZTF18aatrcqa,Mira
ZTF18abegdzz,Mira
ZTF18abmwudo,Mira
ZTF18aasnnng,Mira
ZTF18abiwcyb,Mira
ZTF18abablgg,Mira
ZTF18abcgppq,Mira
ZTF17aaawpzx,Mira
ZTF18aaxcqmr,Mira
ZTF18abmqmat,Mira
ZTF18abjfgac,Mira
ZTF18adkblno,Mira
ZTF18acqldnt,Mira
ZTF18abaqwpc,Mira
ZTF18aayeeyb,Mira
ZTF18abcvand,Mira
ZTF18abcgnzw,Mira
ZTF18abvhrgc,Mira
ZTF18aaxdkaw,Mira
ZTF18abablcz,Mira
ZTF18aavljse,Mira
ZTF18adkbkte,Mira
ZTF18abdjxru,Mira
ZTF18abjzadl,Mira
ZTF18aazfccw,Mira
ZTF17aacpdht,Mira
ZTF18abgramq,Mira
ZTF18aayegax,Mira
ZTF18aawaddk,Mira
ZTF18abibnff,Mira
ZTF18abcvzdy,Mira
ZTF19aannfql,Mira
ZTF18aaxytvd,Mira
ZTF18abbnkqa,Mira
ZTF18abchhlp,Mira
ZTF18accmyeg,Mira
ZTF18absmzou,Mira
ZTF18aayoeyg,Mira
ZTF18aawadly,Mira
ZTF18aaxyuvn,Mira
ZTF18aayecxh,Mira
ZTF18aawboqp,Mira
ZTF18adjzodz,Mira
ZTF18aayefzf,Mira
ZTF17aaawsbg,Mira
ZTF18abmdtmo,Mira
ZTF18aaxytrw,Mira
ZTF18abmfmjt,Mira
ZTF18abkhguv,Mira
ZTF18abimzyn,Mira
ZTF18abrrkus,Mira
ZTF18abdawlp,Mira
ZTF18abrrlcb,Mira
ZTF17aaaeowa,Mira
ZTF18adndccx,Mira
ZTF18abbnptf,Mira
ZTF18abnpgjb,Mira
ZTF17aabvfoi,Mira
ZTF18abjhclo,Mira
ZTF18abctild,Mira
ZTF18abdeuea,Mira
ZTF18abbsprj,Mira
ZTF18abmfwkk,Mira
ZTF18aawblmu,Mira
ZTF18abcbqxx,Mira
ZTF18aasnpcr,Mira
ZTF18aazlxmi,Mira
ZTF18abnkamt,Mira
ZTF18abmfwho,Mira
ZTF18abctify,Mira
ZTF18adkftmu,Mira
ZTF18aayhkbf,Mira
ZTF18aawlvij,Mira
ZTF17aaawgfz,Mira
ZTF18abjhbdw,Mira
ZTF18abnbpww,Mira
ZTF18abcyvbt,Mira
ZTF17aabvftn,Mira
ZTF18aayvheg,Mira
ZTF18aazutun,Mira
ZTF18aabtwjd,Mira
ZTF18adkbkxu,Mira
ZTF17aadgnra,NearIR
ZTF18adbeebc,Nova
ZTF18aaveehu,Nova
ZTF18aawacbg,Nova
ZTF18adkhxao,OH/IR*
ZTF18abjqlvc,OH/IR*
ZTF18abijtru,OH/IR*
ZTF18aaxuksu,OH/IR*
ZTF18adjvzwo,OH/IR*
ZTF18abddiww,OH/IR*
ZTF18abcqxcy,OH/IR*
ZTF18aavegho,OH/IR*
ZTF17aabpjra,OrionV*
ZTF18aazvhbz,OrionV*
ZTF17aaagatj,OrionV*
ZTF17aabkvzn,OrionV*
ZTF17aaadyoq,OrionV*
ZTF18aczbniq,OrionV*
ZTF18aaadujp,OrionV*
ZTF17aaagarl,OrionV*
ZTF17aabuqnh,OrionV*
ZTF18actawil,OrionV*
ZTF17aabvskh,OrionV*
ZTF17aaasbcr,OrionV*
ZTF18abcdssy,OrionV*
ZTF18abmmrsa,OrionV*
ZTF18abrrkrj,OrionV*
ZTF17aaadypr,OrionV*
ZTF17aaawthf,OrionV*
ZTF17aaakhci,OrionV*
ZTF18acrvpkf,OrionV*
ZTF17aaarpbf,OrionV*
ZTF18acrwlnt,OrionV*
ZTF18abvvjsl,OrionV*
ZTF18actabfi,OrionV*
ZTF18admenxf,OrionV*
ZTF18abdlwsh,OrionV*
ZTF17aaaosya,OrionV*
ZTF18acbzhkg,OrionV*
ZTF18acrumlt,OrionV*
ZTF18aazvhcj,OrionV*
ZTF18abgsskx,OrionV*
ZTF18aaznfhh,PlanetaryNeb
ZTF18abtsbfh,PlanetaryNeb
ZTF17aaboplx,PlanetaryNeb_Candidate
ZTF17aaahaij,PulsV*
ZTF18acxwqnt,PulsV*
ZTF18abvosnn,PulsV*
ZTF18aaapdpm,PulsV*
ZTF19aaucsvh,QSO
ZTF19acgfpvb,QSO
ZTF18aacnppx,QSO
ZTF18acicocq,QSO
ZTF19aaqtxaf,QSO
ZTF20aaezfpb,QSO
ZTF19abjfkjv,QSO
ZTF19aaahgyz,QSO
ZTF19abucsek,QSO
ZTF19aaaajsh,QSO
ZTF19adcetcu,QSO
ZTF18abodiov,QSO
ZTF18aaqlclc,QSO
ZTF18aacyzuc,QSO
ZTF18aasucwx,QSO
ZTF19aaafldc,QSO
ZTF20acjrums,QSO
ZTF18abuvcff,QSO
ZTF19aawnawv,QSO
ZTF19aaaumua,QSO
ZTF18abtmtpq,QSO
ZTF18achymoz,QSO
ZTF19aarqhgr,QSO
ZTF17aabvinb,QSO
ZTF18aatvzpy,QSO
ZTF18acbwtql,QSO
ZTF18acbxtpu,QSO
ZTF19abiytlw,QSO
ZTF18adlfvnx,QSO
ZTF18aclqlox,QSO
ZTF19aarqhfu,QSO
ZTF19aapvfty,QSO
ZTF18aacoroi,QSO
ZTF18acxaxfs,QSO
ZTF19aaxdfnx,QSO
ZTF18aajrvdd,QSO
ZTF18abasoye,QSO
ZTF19adhxvvk,QSO
ZTF18abtcijq,QSO
ZTF18abuqhbk,QSO
ZTF17aacpvmc,QSO
ZTF18abyolic,QSO
ZTF21acepcka,QSO
ZTF21absjhdj,QSO
ZTF18accnoto,QSO
ZTF19aczmmyh,QSO
ZTF21acibfok,QSO
ZTF19abctxcx,QSO
ZTF18adngybl,QSO
ZTF18acawugn,QSO
ZTF18aaefzat,QSO
ZTF18abqtadc,QSO
ZTF18abrafam,QSO
ZTF18acsxier,QSO
ZTF19acbxbjt,QSO
ZTF18adncggi,QSO
ZTF20aazwktc,QSO
ZTF18aafocnp,QSO
ZTF18abtrrif,QSO
ZTF19abwtgub,QSO
ZTF18abcdycr,QSO
ZTF19aczmqqh,QSO
ZTF19abeyyil,QSO
ZTF18aafovtl,QSO
ZTF18acqkzig,QSO
ZTF19adakwau,QSO
ZTF19acbtawn,QSO
ZTF18admaqeo,QSO
ZTF20abmcxch,QSO
ZTF18abmnwmd,QSO
ZTF18aankrjd,QSO
ZTF18abzweqf,QSO
ZTF20abhaglr,QSO
ZTF18abehvrl,QSO
ZTF18aaqkggx,QSO
ZTF19aaxdmql,QSO
ZTF18admqggd,QSO
ZTF19abxgoeq,QSO
ZTF18aawwguv,QSO
ZTF17aaagyfw,QSO
ZTF20aambkok,QSO
ZTF19abjpept,QSO
ZTF20aaglqmu,QSO
ZTF19addjgfv,QSO
ZTF20abjnfvp,QSO
ZTF18aceujam,QSO
ZTF18aceiijw,QSO
ZTF18accvfgo,QSO
ZTF20abcgknd,QSO
ZTF18acejfjo,QSO
ZTF19absppmv,QSO
ZTF19aavpxcc,RCrBV*
ZTF18aaueepz,RGB*
ZTF18abjteum,RRLyrae
ZTF18abskphu,RRLyrae
ZTF18abpuidu,RRLyrae
ZTF18acuaiuq,RRLyrae
ZTF18aaxuksz,RRLyrae
ZTF18abuvcgp,RRLyrae
ZTF19abpugwy,RRLyrae
ZTF18absuqul,RRLyrae
ZTF17aabwkzj,RRLyrae
ZTF18absuxcl,RRLyrae
ZTF18abudtto,RRLyrae
ZTF18adacipo,RRLyrae
ZTF18abtkqjb,RRLyrae
ZTF18abjsqho,RRLyrae
ZTF17aaajfcj,RRLyrae
ZTF19aaabvvj,RRLyrae
ZTF18aaxjkiy,RRLyrae
ZTF18abtlkoi,RRLyrae
ZTF18abcxrfj,RRLyrae
ZTF18abnuexe,RRLyrae
ZTF18acrxusc,RRLyrae
ZTF18abijzwr,RRLyrae
ZTF18aakgwwi,RRLyrae
ZTF18abwwctt,RRLyrae
ZTF18aaiywnd,RRLyrae
ZTF17aabvdtx,RRLyrae
ZTF18admcexz,RRLyrae
ZTF18aauponv,RRLyrae
ZTF18acesqkk,RRLyrae
ZTF18abasuie,RRLyrae
ZTF18aainzvc,RRLyrae
ZTF18abmagno,RRLyrae
ZTF17aabumps,RRLyrae
ZTF18aagrgew,RRLyrae
ZTF18acpcvlm,RRLyrae
ZTF17aaaweli,RRLyrae
ZTF18abvcxvx,RRLyrae
ZTF18abmfnfc,RRLyrae
ZTF18abjhbbh,RRLyrae
ZTF18abmreua,RRLyrae
ZTF18aayxlrr,RRLyrae
ZTF18abojnqq,RRLyrae
ZTF18abmamzs,RRLyrae
ZTF18actwwsv,RRLyrae
ZTF18acavoqz,RRLyrae
ZTF18abnttcg,RRLyrae
ZTF18abgtfur,RRLyrae
ZTF18abmagph,RRLyrae
ZTF18abryqoj,RRLyrae
ZTF18acrvdhm,RRLyrae
ZTF18abvcxta,RRLyrae
ZTF18absljvf,RRLyrae
ZTF18acmatmt,RRLyrae
ZTF18adivvqk,RRLyrae
ZTF17aaagsag,RRLyrae
ZTF18achgsar,RRLyrae
ZTF18abczegi,RRLyrae
ZTF18aceigre,RRLyrae
ZTF18acpcnkf,RRLyrae
ZTF18abtkrfj,RRLyrae
ZTF18abakjfe,RRLyrae
ZTF18aaakegn,RRLyrae
ZTF18abwnuab,RRLyrae
ZTF18aaacwzs,RRLyrae
ZTF18aaacubi,RRLyrae
ZTF19abahnvu,RRLyrae
ZTF18aawmdqf,RRLyrae
ZTF18abbedoj,RRLyrae
ZTF18acuavzj,RRLyrae
ZTF18acdfqem,RRLyrae
ZTF18abwnecp,RRLyrae
ZTF19abotnfj,RRLyrae
ZTF18aaabnbp,RRLyrae
ZTF18abmfmuf,RRLyrae
ZTF18abnznbm,RRLyrae
ZTF18abobvlk,RRLyrae
ZTF18abusymt,RRLyrae
ZTF19abamlmq,RRLyrae
ZTF18abusyqf,RRLyrae
ZTF18abutdsg,RRLyrae
ZTF18aajtkey,RRLyrae
ZTF18abwnecg,RRLyrae
ZTF17aacmxco,RRLyrae
ZTF18aakywum,RRLyrae
ZTF18aapnluu,RRLyrae
ZTF18aaimvvl,RRLyrae
ZTF18abiuesu,RRLyrae
ZTF18abwnuta,RRLyrae
ZTF18adkftkf,RRLyrae
ZTF18abobphl,RRLyrae
ZTF17aadlkpp,RRLyrae
ZTF18abygeug,RRLyrae
ZTF18abcbwod,RRLyrae
ZTF18abmpkge,RRLyrae
ZTF18abobppn,RRLyrae
ZTF18abvpksu,RRLyrae
ZTF17aaarqlm,RRLyrae
ZTF18abbcooc,RRLyrae
ZTF18abwbalr,RRLyrae
ZTF17aaaehve,RRLyrae
ZTF18adjkazt,RRLyrae
ZTF17aaaeitb,RRLyrae
ZTF18accwuzn,RRLyrae
ZTF18aceiezc,RRLyrae
ZTF18abnoxah,RRLyrae
ZTF18acetlxa,RRLyrae
ZTF18abvphrs,RRLyrae
ZTF18abwwcwr,RRLyrae
ZTF18admjrpw,RRLyrae
ZTF18abvpmrt,RRLyrae
ZTF17aabrhpz,RRLyrae
ZTF18abshoom,RRLyrae
ZTF18abvccvd,RRLyrae
ZTF18aaagsji,RRLyrae
ZTF18abajwut,RRLyrae
ZTF18aazwbnu,RRLyrae
ZTF18abvccxj,RRLyrae
ZTF18abccpmb,RRLyrae
ZTF18abskpei,RRLyrae
ZTF18abcdcpj,RRLyrae
ZTF17aabtriy,RRLyrae
ZTF17aabukzx,RRLyrae
ZTF18abcxikb,RRLyrae
ZTF18abijvtw,RRLyrae
ZTF18abrpjvh,RRLyrae
ZTF18abatads,RRLyrae
ZTF18abufvck,RRLyrae
ZTF18abmeekf,RRLyrae
ZTF18admvelp,RRLyrae
ZTF18aaoechd,RRLyrae
ZTF18abcxhwq,RRLyrae
ZTF18acyvhga,RRLyrae
ZTF19aaodcif,RRLyrae
ZTF17aaahsva,RRLyrae
ZTF18aazmvvq,RRLyrae
ZTF17aaaeziu,RRLyrae
ZTF18absggcy,RRLyrae
ZTF18aaluqmr,RRLyrae
ZTF18aaacwyo,RRLyrae
ZTF18abucapi,RRLyrae
ZTF17aaawmho,RRLyrae
ZTF18abmdokl,RRLyrae
ZTF17aaakdyw,RRLyrae
ZTF18abosjry,RRLyrae
ZTF18abnueqd,RRLyrae
ZTF18acqisbw,RRLyrae
ZTF18abmpxpz,RRLyrae
ZTF18abmirnq,RRLyrae
ZTF18absgofg,RRLyrae
ZTF17aabsken,RRLyrae
ZTF17aabrnuu,RRLyrae
ZTF17aabveyj,RRLyrae
ZTF17aaawmhu,RRLyrae
ZTF18abjsqim,RRLyrae
ZTF17aaadata,RRLyrae
ZTF18abxegwd,RRLyrae
ZTF17aaagdtm,RRLyrae
ZTF18abvbnvw,RRLyrae
ZTF19abrooww,RRLyrae
ZTF18abwnecb,RRLyrae
ZTF17aacnvph,RRLyrae
ZTF18abdeyov,RRLyrae
ZTF18abmegyq,RRLyrae
ZTF18abwpstw,RRLyrae
ZTF18abotajm,RRLyrae
ZTF17aabwlvy,RRLyrae
ZTF18abfsdus,RRLyrae
ZTF18abmvqxc,RRLyrae
ZTF18aazdbxy,RRLyrae
ZTF18abdkcri,RRLyrae
ZTF17aaahsgl,RRLyrae
ZTF18absupiw,RRLyrae
ZTF18adaubbo,RRLyrae
ZTF19abkxzrm,RRLyrae
ZTF18accpukq,RRLyrae
ZTF17aacmxdd,RRLyrae
ZTF18aalusgk,RRLyrae
ZTF18acxfmjx,RRLyrae
ZTF18abnmtnx,RRLyrae
ZTF18aaxpoix,RRLyrae
ZTF18abvcdga,RRLyrae
ZTF18abmquaw,RRLyrae
ZTF18absumxq,RRLyrae
ZTF18aaodyzw,RRLyrae
ZTF18aazmwlx,RRLyrae
ZTF17aabwjvi,RRLyrae
ZTF18abmfmrp,RRLyrae
ZTF18abmgcun,RRLyrae
ZTF18abjhvub,RRLyrae
ZTF18achrnle,RRLyrae
ZTF18abgqxwx,RRLyrae
ZTF18acvbidd,RRLyrae
ZTF18acphatl,RRLyrae
ZTF17aabvsoc,RRLyrae
ZTF18abtvgut,RRLyrae
ZTF18acxdpyd,RRLyrae
ZTF18acibfxh,RRLyrae
ZTF18abvccxi,RRLyrae
ZTF18abbwbdk,RRLyrae
ZTF18abbdfxq,RRLyrae
ZTF18abmrzoj,RRLyrae
ZTF18abcxhoi,RRLyrae
ZTF18aaadcsc,RRLyrae
ZTF18abtyrvh,RRLyrae
ZTF17aacnchk,RRLyrae
ZTF18abtpqrz,RRLyrae
ZTF18acuavdo,RRLyrae
ZTF18acvgzmy,RRLyrae
ZTF18acqylcx,RRLyrae
ZTF17aacujaf,RRLyrae
ZTF18abwvett,RRLyrae
ZTF18abvcxgf,RRLyrae
ZTF17aaajejh,RRLyrae
ZTF17aaadsod,RRLyrae
ZTF18abtzdfd,RRLyrae
ZTF18aamiidg,RRLyrae
ZTF18abnyikx,RRLyrae
ZTF18acvayyh,RRLyrae
ZTF18adivvjg,RRLyrae
ZTF18abcphec,RRLyrae
ZTF18aaoeadh,RRLyrae
ZTF18abtlsiz,RRLyrae
ZTF18abwnecq,RRLyrae
ZTF18adsaftg,RRLyrae
ZTF18acewgli,RRLyrae
ZTF17aaawqch,RRLyrae
ZTF18absuyjm,RRLyrae
ZTF18abmehda,RRLyrae
ZTF17aacnbxi,RRLyrae
ZTF18abntszk,RRLyrae
ZTF18aditmjl,RRLyrae
ZTF18abmrejg,RRLyrae
ZTF19abfpozf,RRLyrae
ZTF18abvfpzo,RRLyrae
ZTF18aazuxhw,RRLyrae
ZTF18aazuyja,RRLyrae
ZTF18aamnhul,RRLyrae
ZTF19aazlogw,RRLyrae
ZTF18aborobw,RRLyrae
ZTF18adidxws,RRLyrae
ZTF18abnoxal,RRLyrae
ZTF18acyusci,RRLyrae
ZTF18aaabpnq,RRLyrae
ZTF18abusyib,RRLyrae
ZTF18acxwtru,RRLyrae
ZTF18abmgcum,RRLyrae
ZTF18aainbqt,RRLyrae
ZTF18aaxdjwp,RRLyrae
ZTF18abnmuiu,RRLyrae
ZTF17aaaenip,RRLyrae
ZTF18abdhpzd,RRLyrae
ZTF18aculnwp,RRLyrae
ZTF18absplrx,RRLyrae
ZTF18abskoyp,RRLyrae
ZTF18abjgcok,RRLyrae
ZTF18abwwfed,RRLyrae
ZTF18abdkdao,RRLyrae
ZTF18abnblht,RRLyrae
ZTF18abcoxqo,RRLyrae
ZTF18abnbpxe,RRLyrae
ZTF19adjlkku,RRLyrae
ZTF18admifhf,RRLyrae
ZTF18aazwbvu,RRLyrae
ZTF17aaaiqzq,RRLyrae
ZTF18aammumc,RRLyrae
ZTF18abmefro,RRLyrae
ZTF18accptrd,RRLyrae
ZTF18abmqunr,RRLyrae
ZTF18abpcuji,RRLyrae
ZTF17aabtout,RRLyrae
ZTF18aaajejg,RRLyrae
ZTF18acibxdo,RRLyrae
ZTF18aabtugq,RRLyrae
ZTF18abmqudb,RRLyrae
ZTF18aakgfgx,RRLyrae
ZTF17aaafnwt,RRLyrae
ZTF18acyvhip,RRLyrae
ZTF18acuasub,RRLyrae
ZTF17aaagajz,RRLyrae
ZTF18abnwuql,RRLyrae
ZTF18absgfuo,RRLyrae
ZTF18adkhxbi,RRLyrae
ZTF17aabwgas,RRLyrae
ZTF18abdebff,RRLyrae
ZTF18abzxegu,RRLyrae
ZTF18aajryvm,RRLyrae
ZTF17aaaajgo,RRLyrae
ZTF18abwwdjm,RRLyrae
ZTF18abmrfop,RRLyrae
ZTF18adjnbsk,RRLyrae
ZTF18aauseex,RRLyrae
ZTF18abvccwk,RRLyrae
ZTF18abutqqc,RRLyrae
ZTF17aabwgcz,RRLyrae
ZTF18abmeeyc,RRLyrae
ZTF18abviqui,RRLyrae
ZTF17aacnrve,RRLyrae
ZTF19ablukoj,RRLyrae
ZTF18aanvtie,RRLyrae
ZTF17aaajrry,RRLyrae
ZTF18acyvhkw,RRLyrae
ZTF18abtteio,RRLyrae
ZTF18aajbnhx,RRLyrae
ZTF19abpugvb,RRLyrae
ZTF18abwwcuv,RRLyrae
ZTF18acuasir,RRLyrae
ZTF18acheeow,RRLyrae
ZTF18abjghrq,RRLyrae
ZTF18aamhnqk,RRLyrae
ZTF17aabbhql,RRLyrae
ZTF18acayxwu,RRLyrae
ZTF18acxhtrv,RRLyrae
ZTF18abmrfcy,RRLyrae
ZTF18abjtkzh,RRLyrae
ZTF18acrxols,RRLyrae
ZTF18abrntim,RRLyrae
ZTF18abvbddj,RRLyrae
ZTF18abgqwwf,RRLyrae
ZTF18abtouhu,RRLyrae
ZTF18absptyu,RRLyrae
ZTF18aboqyrg,RRLyrae
ZTF18abmaocj,RRLyrae
ZTF18acuaips,RRLyrae
ZTF17aaawfsc,RRLyrae
ZTF17aaawdak,RRLyrae
ZTF18abwndym,RRLyrae
ZTF18abtilla,RRLyrae
ZTF18acdxbxy,RRLyrae
ZTF18abobkvu,RRLyrae
ZTF17aabutcf,RRLyrae
ZTF17aabvsym,RRLyrae
ZTF18aapmouk,RRLyrae
ZTF17aaappqr,RRLyrae
ZTF18abccoto,RRLyrae
ZTF18acrukkw,RRLyrae
ZTF18aaxjkiu,RRLyrae
ZTF18abtswgk,RRLyrae
ZTF18abtswvi,RRLyrae
ZTF18aaxcnxe,RRLyrae
ZTF18abcoxir,RRLyrae
ZTF17aabtoul,RRLyrae
ZTF18abtovbv,RRLyrae
ZTF18aammung,RRLyrae
ZTF17aaarmkq,RRLyrae
ZTF18aaluqkp,RRLyrae
ZTF17aacptcf,RRLyrae
ZTF18abvcfea,RRLyrae
ZTF18abxeiap,RRLyrae
ZTF17aabuown,RRLyrae
ZTF18abusyde,RRLyrae
ZTF18abkdcvg,RRLyrae
ZTF18abfwyii,RRLyrae
ZTF18accgohz,RRLyrae
ZTF18abwnlre,RRLyrae
ZTF18aammewk,RRLyrae
ZTF18aaijuyj,RRLyrae
ZTF18abcxiud,RRLyrae
ZTF18adaciod,RRLyrae
ZTF18aaaebvx,RRLyrae
ZTF18acuauyr,RRLyrae
ZTF18acsosgw,RRLyrae
ZTF17aabsake,RRLyrae
ZTF18abjuxry,RRLyrae
ZTF18acvgzok,RRLyrae
ZTF17aaadrbp,RRLyrae
ZTF18acurddz,RRLyrae
ZTF18abdeghz,RRLyrae
ZTF18aayobdk,RRLyrae
ZTF18abusyqk,RRLyrae
ZTF17aaajjqm,RRLyrae
ZTF18adkuyyv,RRLyrae
ZTF18abnckil,RRLyrae
ZTF17aabukhv,RRLyrae
ZTF18abusyts,RRLyrae
ZTF18acqoxae,RRLyrae
ZTF18abnbisi,RRLyrae
ZTF17aabqakl,RRLyrae
ZTF18acaywsh,RRLyrae
ZTF17aadqpnu,RRLyrae
ZTF18abcthic,RRLyrae
ZTF18abvorsx,RRLyrae
ZTF17aabopii,RRLyrae
ZTF18abnuglt,RRLyrae
ZTF18abhozcd,RRLyrae
ZTF18abcinbc,RRLyrae
ZTF18admjjca,RRLyrae
ZTF18abdeyil,RRLyrae
ZTF18aapsymg,RRLyrae
ZTF18abtvgwu,RRLyrae
ZTF18abmrgeh,RRLyrae
ZTF18abbfdzj,RRLyrae
ZTF18adkoxio,RRLyrae
ZTF18actwxcd,RRLyrae
ZTF18acaywrk,RRLyrae
ZTF18acuowrz,RRLyrae
ZTF18abojnkx,RRLyrae
ZTF17aabpjme,RRLyrae
ZTF18aammhhe,RRLyrae
ZTF17aacpgan,RRLyrae
ZTF17aabpkaa,RRLyrae
ZTF18abcxbqh,RRLyrae
ZTF18aaxjkmf,RRLyrae
ZTF18abpnsrn,RRLyrae
ZTF18abcgnvk,RRLyrae
ZTF18aaakitu,RRLyrae
ZTF18abjrckp,RRLyrae
ZTF18abikotd,RRLyrae
ZTF18abryqnw,RRLyrae
ZTF18abtvgxp,RRLyrae
ZTF18aceudjx,RRLyrae
ZTF18abaxino,RRLyrae
ZTF18aammplx,RRLyrae
ZTF18acbcnjg,RRLyrae
ZTF18abyzlja,RRLyrae
ZTF18abxehfe,RRLyrae
ZTF18abxqtpp,RRLyrae_Candidate
ZTF18aazwdzp,RSCVnV*
ZTF18abrppdg,RSCVnV*
ZTF18abaszwp,RSCVnV*
ZTF18abecvis,RSCVnV*
ZTF18abehpod,RSCVnV*
ZTF18abakate,RSCVnV*
ZTF18achyngh,RSCVnV*
ZTF18abnwvfh,RSCVnV*
ZTF18adixfft,RSCVnV*
ZTF18abchgtu,RSCVnV*
ZTF19acayqdk,RSCVnV*
ZTF18abdjxya,RSCVnV*
ZTF18aavefnj,RSCVnV*
ZTF19aablshw,RSCVnV*
ZTF18aapukpk,RSCVnV*
ZTF18abmfmyq,RSCVnV*
ZTF18admccxz,RSCVnV*
ZTF18abvwpwp,RSCVnV*
ZTF18abbumlb,RSCVnV*
ZTF18aaguzxy,RSCVnV*
ZTF18abtpkqn,RSCVnV*
ZTF18abadmrn,RSCVnV*
ZTF18abojugq,RSCVnV*
ZTF18absszxi,RSCVnV*
ZTF18abcraax,RSCVnV*
ZTF18abbsolg,RSCVnV*
ZTF18aayecxz,RSCVnV*
ZTF18abgyozm,RSCVnV*
ZTF17aabvebs,RSCVnV*
ZTF18adnfhxq,RSCVnV*
ZTF18abasfsf,RSCVnV*
ZTF18aboruaq,RSCVnV*
ZTF18acwwjze,RSCVnV*
ZTF18aaoktlx,RSCVnV*
ZTF18aaxjkix,RSCVnV*
ZTF18abuszky,RSCVnV*
ZTF18aaxjkjk,RSCVnV*
ZTF18abacdrk,RSCVnV*
ZTF18abaxuhc,RSCVnV*
ZTF18abrymlq,RSCVnV*
ZTF17aaboqgw,RSCVnV*
ZTF18abadmqg,RSCVnV*
ZTF18aaptwzf,RSCVnV*
ZTF18abmrfdb,RSCVnV*
ZTF18abehfgx,RSCVnV*
ZTF18ablgsmp,RSCVnV*
ZTF19aceilmk,RSCVnV*
ZTF18abcregz,RSCVnV*
ZTF18acaktri,RSCVnV*
ZTF18aawbjqf,RSCVnV*
ZTF18abgssww,RSCVnV*
ZTF18abpevqg,RSCVnV*
ZTF18abgjrxi,RSCVnV*
ZTF24abydkiq,RSCVnV*
ZTF18abbfdmq,RSCVnV*
ZTF18abmqbme,RSCVnV*
ZTF18adjvzei,RSCVnV*
ZTF18aaptabx,RSCVnV*
ZTF18abehxkv,RSCVnV*
ZTF18abesfje,RSCVnV*
ZTF18abdiynd,RSCVnV*
ZTF18acwwatw,RSCVnV*
ZTF18aazuqsy,RSCVnV*
ZTF18abvazyv,RSCVnV*
ZTF18aafembz,RSCVnV*
ZTF18aboqwih,RSCVnV*
ZTF18abecozt,RSCVnV*
ZTF18abojpkj,RSCVnV*
ZTF18abasgpy,RSCVnV*
ZTF18adnhapf,RSCVnV*
ZTF19aapwtlq,RSCVnV*
ZTF18abmjhoe,RSCVnV*
ZTF18adacqsq,RSCVnV*
ZTF18abcclfl,RSCVnV*
ZTF18aboclnp,RSCVnV*
ZTF18abmexok,RSCVnV*
ZTF18abacsoz,RSCVnV*
ZTF18acmxnsk,RSCVnV*
ZTF18aakyuik,RVTauV*
ZTF21aclovhd,Radio
ZTF18abwcrvc,Radio
ZTF18acwxhcp,RadioG
ZTF19abpxexc,RadioG
ZTF19aanyfkh,RadioG
ZTF20abnvhsy,RadioG
ZTF19abbxrud,RadioG
ZTF18aawylmw,RotV*
ZTF18acbxpmp,RotV*
ZTF18acmugze,RotV*
ZTF17aabpkdi,S*
ZTF17aaaeecy,S*
ZTF18aaxvbtb,S*
ZTF18abmexzv,S*
ZTF18abmaypy,S*
ZTF18abbslef,S*
ZTF18acwrxvg,SB*
ZTF25accorsr,SN candidate
ZTF25accynmt,SN candidate
ZTF25abxqirh,SN candidate
ZTF25acbcufp,SN candidate
ZTF25abxrmqc,SN candidate
ZTF25abypomt,SN candidate
ZTF25abxrfik,SN candidate
ZTF25acbyrqc,SN candidate
ZTF25accsisb,SN candidate
ZTF25abzqhgf,SN candidate
ZTF25abyqaky,SN candidate
ZTF25abwjtwc,SN candidate
ZTF25acayrnp,SN candidate
ZTF25accuzrr,SN candidate
ZTF25abwkmwj,SN candidate
ZTF25abxfpgs,SN candidate
ZTF18aampkkf,Seyfert1
ZTF18abgytsy,Seyfert1
ZTF19aaprejp,Seyfert1
ZTF19aalxsfe,Seyfert1
ZTF18accptkg,Seyfert1
ZTF18abnnchv,Seyfert1
ZTF20achuhxe,Seyfert1
ZTF19accczay,Seyfert1
ZTF18aauiqom,Seyfert1
ZTF18abvfjxz,Seyfert1
ZTF18acvgzmv,Seyfert1
ZTF18abukqeo,Seyfert1
ZTF18aacbxxp,Seyfert1
ZTF18adfipzf,Seyfert1
ZTF18aabyzbw,Seyfert1
ZTF18aawosaa,Seyfert1
ZTF18acaobxm,Seyfert1
ZTF18aahfemq,Seyfert1
ZTF18aamsjiq,Seyfert1
ZTF18abolwjg,Seyfert1
ZTF18abuykic,Seyfert1
ZTF18adpwjil,Seyfert1
ZTF18abcvxqm,Seyfert1
ZTF18abskwls,Seyfert1
ZTF20aawpldl,Seyfert1
ZTF20abdmobw,Seyfert1
ZTF18aacdydz,Seyfert1
ZTF18aaaokus,Seyfert1
ZTF18acwrwbu,Seyfert1
ZTF19aapdren,Seyfert1
ZTF18aczbtkm,Seyfert1
ZTF18aborthl,Seyfert1
ZTF18abjvbhp,Seyfert1
ZTF18abotthj,Seyfert1
ZTF18acetkxx,Seyfert1
ZTF19abmycfw,Seyfert1
ZTF19abgmyjw,Seyfert1
ZTF18abraajk,Seyfert1
ZTF18aahihgp,Seyfert1
ZTF18aadbrrn,Seyfert1
ZTF18abxhddc,Seyfert1
ZTF18abkojhi,Seyfert1
ZTF18acpdwdq,Seyfert1
ZTF22abalztu,Seyfert1
ZTF19acbvrko,Seyfert1
ZTF18aazgsfs,Seyfert1
ZTF18abtjkdh,Seyfert1
ZTF17aabwpuh,Seyfert1
ZTF18acqzgsg,Seyfert1
ZTF19aaekhnw,Seyfert1
ZTF18acbzonr,Seyfert1
ZTF18acegbsb,Seyfert1
ZTF19abomcyp,Seyfert1
ZTF18aaacjvo,Seyfert1
ZTF18abnzmza,Seyfert1
ZTF18adllqpw,Seyfert1
ZTF18abvwrxu,Seyfert1
ZTF18aapracd,Seyfert1
ZTF18adokxnh,Seyfert1
ZTF18accnlhl,Seyfert1
ZTF18aachnub,Seyfert1
ZTF18abvpriv,Seyfert1
ZTF18aabfcxu,Seyfert1
ZTF18acdvony,Seyfert1
ZTF18abdrdeq,Seyfert1
ZTF19aannzfb,Seyfert1
ZTF18aacekzd,Seyfert1
ZTF19abcefvm,Seyfert1
ZTF18acbvvku,Seyfert1
ZTF18acsyzcd,Seyfert1
ZTF18aaotkyk,Seyfert1
ZTF18abtrgck,Seyfert2
ZTF18abuphvy,Seyfert2
ZTF18abvivzx,Seyfert2
ZTF18acgvhxo,Seyfert2
ZTF18abvfmot,Seyfert2
ZTF18aahsxpt,Seyfert2
ZTF18abvlpcg,Seyfert2
ZTF18absyioa,Seyfert2
ZTF18abslbyb,Seyfert2
ZTF19abkzllx,Star
ZTF20abywpfj,Star
ZTF19abarpvk,Star
ZTF18acrulex,Star
ZTF18abgrubx,Star
ZTF18absksnc,Star
ZTF18aczbypi,Star
ZTF18adatltw,Star
ZTF18acuzltt,Star
ZTF20abovyrr,Star
ZTF18acrvase,Star
ZTF18aaaknfl,Star
ZTF18acvtznn,Star
ZTF17aaaedcz,Star
ZTF18abcjwmo,Star
ZTF18abykrbg,Star
ZTF18abcjwdu,Star
ZTF20aaebxti,Star
ZTF18abqllbz,Star
ZTF18acnaosj,Star
ZTF18aasnqww,Star
ZTF18acuzwwh,Star
ZTF18acdvhol,Star
ZTF18acenqsv,Star
ZTF18abxgykz,Star
ZTF18abmfxun,Star
ZTF18acuqmqh,Star
ZTF18aakbpwg,Star
ZTF19aalwpww,Star
ZTF18abmplsh,Star
ZTF19aayvbbu,Star
ZTF17aabupye,Star
ZTF18abmnoib,Star
ZTF19acbvsls,Star
ZTF18abobpps,Star
ZTF18aculoky,Star
ZTF18abdaqtk,Star
ZTF19aaeqaxg,Star
ZTF18acnczcw,Star
ZTF17aabaqsq,Star
ZTF18aczrllr,Star
ZTF18adljprh,Star
ZTF18abodynl,Star
ZTF18adatlhd,Star
ZTF18acjshxf,Star
ZTF18abajtoh,Star
ZTF18abwhnry,Star
ZTF18aawvfhm,Star
ZTF17aaagbzv,Star
ZTF19adecvcj,Star
ZTF18abrynkw,Star
ZTF18acwefpr,Star
ZTF17aabuwqx,Star
ZTF19acuzdcn,Star
ZTF19abyfeiw,Star
ZTF18aculmva,Star
ZTF19abamnzm,Star
ZTF18acpdnop,Star
ZTF19abyjjhg,Star
ZTF20acougsb,Star
ZTF18adatouu,Star
ZTF18absuriv,Supernova_Candidate
ZTF18abvslrq,Supernova_Candidate
ZTF18aavghpn,Symbiotic*
ZTF18aavyrwh,Symbiotic*
ZTF18abdciiz,TTauri*
ZTF17aaaszzg,TTauri*
ZTF19aalfvnv,TTauri*
ZTF18acrulcy,TTauri*
ZTF17aaasrzt,TTauri*
ZTF18aazfixk,TTauri*
ZTF18abboeui,TTauri*
ZTF17aaanyqp,TTauri*
ZTF19acemoyb,TTauri*
ZTF17aabvtjp,TTauri*
ZTF17aaagcup,TTauri*
ZTF18acrukvq,TTauri*
ZTF17aaabgft,TTauri*
ZTF17aaarsoq,TTauri*
ZTF17aaasrxu,TTauri*
ZTF17aaahryw,TTauri*
ZTF18acrunri,TTauri*
ZTF18acrvamn,TTauri*
ZTF18acrulye,TTauri*
ZTF19aarlmwt,Unknown
ZTF18aakzclh,Type2Cep
ZTF17aaaesrm,Type2Cep
ZTF18abaphlr,Type2Cep
ZTF19aayvozr,Type2Cep
ZTF18achypyv,Type2Cep
ZTF18acvvybk,Type2Cep
ZTF19abdkcsr,UV
ZTF18aahimjm,Unknown
ZTF18adaikgm,Unknown
ZTF18abmrepc,Unknown
ZTF20aavlfic,Unknown
ZTF18abdpxwz,Unknown
ZTF18abikqec,Unknown
ZTF19abdyodh,Unknown
ZTF18abiibwk,Unknown
ZTF18abckmnc,Unknown
ZTF18abebxgj,Unknown
ZTF18abmapwr,Unknown
ZTF19abpszzv,Unknown
ZTF18aaydzzm,Unknown
ZTF18abmntbi,Unknown
ZTF19aapwyfz,Unknown
ZTF19abcjpkr,Unknown
ZTF18aaacolv,Unknown
ZTF20aakmlpv,Unknown
ZTF18acsjmmw,Unknown
ZTF17aabfibe,Unknown
ZTF19abmprpm,Unknown
ZTF18aaxcycu,Unknown
ZTF20acldhpw,Unknown
ZTF18ackuraz,Unknown
ZTF18abnbxrg,Unknown
ZTF18abnpgje,Unknown
ZTF18abebnsv,Unknown
ZTF18abojolx,Unknown
ZTF18acunhtq,Unknown
ZTF19abenrub,Unknown
ZTF18adavxxx,Unknown
ZTF18aazwlrd,Unknown
ZTF18abaqyow,Unknown
ZTF18aaxdogs,Unknown
ZTF18abmedtu,Unknown
ZTF19acerhmj,Unknown
ZTF20aclgiod,Unknown
ZTF19aatihef,Unknown
ZTF18abmexpx,Unknown
ZTF20aaybnfy,Unknown
ZTF18abwuxue,Unknown
ZTF18abgpuic,Unknown
ZTF18adaqkac,Unknown
ZTF19aceckgg,Unknown
ZTF19aauthlt,Unknown
ZTF18abvbqem,Unknown
ZTF18abyboun,Unknown
ZTF18abmaoin,Unknown
ZTF19ablfdho,blue
ZTF19abxwpvl,Unknown
ZTF17aaaedpw,Unknown
ZTF18acmutwb,Unknown
ZTF18abasgau,Unknown
ZTF18abaimve,Unknown
ZTF19aaimmrt,Unknown
ZTF19abdkcvf,Unknown
ZTF18absvfab,Unknown
ZTF19abdkazs,Unknown
ZTF18absfjiz,Unknown
ZTF18adatlwd,Unknown
ZTF19abcejrn,Unknown
ZTF18aauqfkr,Unknown
ZTF20aauoyds,Unknown
ZTF18abqcylb,Unknown
ZTF18acxxqnz,Unknown
ZTF18aajtltx,Unknown
ZTF18acmuiqk,Unknown
ZTF18abkksvk,Unknown
ZTF18abtkksw,Unknown
ZTF20acqpkxj,Unknown
ZTF18abegyxl,Unknown
ZTF18abmfxfn,Unknown
ZTF20accqzze,Unknown
ZTF18aborwam,Unknown
ZTF18abwinrk,Unknown
ZTF19abcegcy,Unknown
ZTF18abjcvje,Unknown
ZTF17aaawlbw,Unknown
ZTF18abxcues,Unknown
ZTF18abotobl,Unknown
ZTF18accktre,Unknown
ZTF19aawevre,Unknown
ZTF18aasnnkd,Unknown
ZTF19aaxvmvm,Unknown
ZTF19aaynnts,Unknown
ZTF20abmaqkt,Unknown
ZTF18adawmzv,Unknown
ZTF18abcceun,Unknown
ZTF18acohnjj,Unknown
ZTF19aabxhpi,Unknown
ZTF23aapoubm,Unknown
ZTF20abbhbkv,Unknown
ZTF18adauagj,Unknown
ZTF21acjthpc,Unknown
ZTF19aarpxaf,Unknown
ZTF25abpltki,Unknown
ZTF18abbojui,Unknown
ZTF18acrvcld,Unknown
ZTF19aaqtwrf,Unknown
ZTF19aabmpwx,Unknown
ZTF18adslwhu,Unknown
ZTF19abxioxl,Unknown
ZTF19abuupct,Unknown
ZTF25acczpdr,Unknown
ZTF19aaniqoa,Unknown
ZTF18ablwuqx,Unknown
ZTF18aayvbfb,Unknown
ZTF22aajuigz,Unknown
ZTF18aaakpmf,Unknown
ZTF17aaabpff,Unknown
ZTF19aafauri,Unknown
ZTF19aaazbjf,Unknown
ZTF17aabwfgc,Unknown
ZTF18acxwtig,Unknown
ZTF18abarffh,Unknown
ZTF18ablgrcd,Unknown
ZTF18acwdrnb,Unknown
ZTF17aaawgqj,Unknown
ZTF18abvbcln,Unknown
ZTF18acvvuyr,Unknown
ZTF19abizzrh,Unknown
ZTF18adaucpe,Unknown
ZTF19aakkrip,Unknown
ZTF19abgedid,Unknown
ZTF19acauujd,Unknown
ZTF18aculvem,Unknown
ZTF19aapwzkx,Unknown
ZTF18abwnxdr,Unknown
ZTF18acsbjzw,Unknown
ZTF19acbumdh,Unknown
ZTF18aceinjn,Unknown
ZTF19acabtun,Unknown
ZTF18adbcnev,Unknown
ZTF18abbuhez,Unknown
ZTF17aaaeidk,Unknown
ZTF18acjadpl,Unknown
ZTF18abslxtj,Unknown
ZTF23abbsqeu,Unknown
ZTF18aaxnahw,Unknown
ZTF18aculumk,Unknown
ZTF18acdzeqi,Unknown
ZTF21aabluwd,Unknown
ZTF19abdqcvh,Unknown
ZTF18abvpaej,Unknown
ZTF25accrmop,Unknown
ZTF18abcdwiw,Unknown
ZTF18aabtwdx,Unknown
ZTF18acyuqri,Unknown
ZTF18aammtiu,Unknown
ZTF18aavysdv,Unknown
ZTF17aabvsci,Unknown
ZTF17aaaedpn,Unknown
ZTF18acgztgi,Unknown
ZTF18abasxiq,Unknown
ZTF19acgonxd,Unknown
ZTF18abmhvum,Unknown
ZTF18acvakma,Unknown
ZTF18abscahy,Unknown
ZTF18abcbsqw,Unknown
ZTF18acrumsq,Unknown
ZTF18abajsjs,Unknown
ZTF18abtjkwy,Unknown
ZTF19aabnazc,Unknown
ZTF18abvtcpk,Unknown
ZTF19aaahsmi,Unknown
ZTF18abccotp,Unknown
ZTF18aczcfar,Unknown
ZTF20achvkhl,Unknown
ZTF18abmbjlf,Unknown
ZTF18abecuvz,Unknown
ZTF18abkwrrw,Unknown
ZTF18acrhzpu,Unknown
ZTF23abtqcal,Unknown
ZTF19acgskdq,Unknown
ZTF18abuvmca,Unknown
ZTF19aapwzfs,Unknown
ZTF18adbdout,Unknown
ZTF25abuhmys,Unknown
ZTF19aaacpim,Unknown
ZTF19aaimigl,Unknown
ZTF19aamrlga,Unknown
ZTF18abuksjd,Unknown
ZTF18abdeaql,Unknown
ZTF18abvhnmo,Unknown
ZTF18aangkrg,Unknown
ZTF18aazllfp,Unknown
ZTF18abkksqg,Unknown
ZTF19aboqwky,Unknown
ZTF18acgmjig,Unknown
ZTF18adbeboa,Unknown
ZTF18acvvsrz,Unknown
ZTF18aamigoo,Unknown
ZTF17aaakhmk,Unknown
ZTF18acnpjum,Unknown
ZTF19ablpeer,Unknown
ZTF20aavteqw,Unknown
ZTF23aacjlkp,Unknown
ZTF19aaprwve,Unknown
ZTF18ablwazu,Unknown
ZTF18abgubvw,Unknown
ZTF18abnuesp,Unknown
ZTF18aczcfvh,Unknown
ZTF18abgyrxw,Unknown
ZTF18abmoogc,Unknown
ZTF18abocwzn,Unknown
ZTF18aauervy,Unknown
ZTF17aaanxky,Unknown
ZTF18aazuyla,Unknown
ZTF22abvdwbi,Unknown
ZTF19abgnzpb,Unknown
ZTF18acdwxlk,Unknown
ZTF19aaetmms,Unknown
ZTF17aaaeihh,Unknown
ZTF19aatwmso,Unknown
ZTF18adayjxw,Unknown
ZTF18acveldt,Unknown
ZTF19aaciiga,Unknown
ZTF18actztaf,Unknown
ZTF20acgdgxn,Unknown
ZTF18abhumca,Unknown
ZTF19aaiqowc,Unknown
ZTF18abshoni,Unknown
ZTF19abpfnyu,Unknown
ZTF18abjreqm,Unknown
ZTF19aaefcnn,Unknown
ZTF18acfctzl,Unknown
ZTF18acvvtri,Unknown
ZTF18abutqsh,Unknown
ZTF18adaxabs,Unknown
ZTF18acgriii,Unknown
ZTF25abxqvlf,Unknown
ZTF18abdglvw,Unknown
ZTF18acrwluw,Unknown
ZTF17aabwkzq,Unknown
ZTF19aadvytx,Unknown
ZTF19aavnsga,Unknown
ZTF19aaaozne,Unknown
ZTF17aaatdch,Unknown
ZTF18acchesb,Unknown
ZTF18ablvuvy,Unknown
ZTF19acgllxf,Unknown
ZTF18acvtzdr,Unknown
ZTF18abehoza,Unknown
ZTF18abbtueq,Unknown
ZTF19abdytpt,Unknown
ZTF18abjhbrj,Unknown
ZTF18aayugck,Unknown
ZTF18acewnkp,Unknown
ZTF18acayqvh,Unknown
ZTF18abuerlk,Unknown
ZTF18aceixzs,Unknown
ZTF19aaaoqtq,Unknown
ZTF18ablvqxe,Unknown
ZTF19aapwmzx,Unknown
ZTF19abfalcl,Unknown
ZTF18abuvxan,Unknown
ZTF18adhltzr,Unknown
ZTF17aaaedmp,Unknown
ZTF19achtgoo,Unknown
ZTF18aculovr,Unknown
ZTF18aazmncc,Unknown
ZTF19abzwviu,Unknown
ZTF18acmjgfl,Unknown
ZTF19abpzobb,Unknown
ZTF18acawvpp,Unknown
ZTF18absqkfg,Unknown
ZTF19aazcdes,Unknown
ZTF19aaawfmw,Unknown
ZTF19aabcjyw,Unknown
ZTF19aaufmgn,Unknown
ZTF18abnufbc,Unknown
ZTF25abzywhl,Unknown
ZTF18abmlxsh,Unknown
ZTF19abyjnlc,Unknown
ZTF18abtbwni,Unknown
ZTF18abigynf,Unknown
ZTF18abehljj,Unknown
ZTF18abkwywq,Unknown
ZTF18acrvbho,Unknown
ZTF18abctcza,Unknown
ZTF18aculnmg,Unknown
ZTF18aavghrs,Unknown
ZTF18aczujkg,Unknown
ZTF19acgouif,Unknown
ZTF19aauoitx,Unknown
ZTF24aahfvfo,Unknown
ZTF18abcvcup,Unknown
ZTF18adbcxne,Unknown
ZTF19abfhwwx,Unknown
ZTF19abnxoke,Unknown
ZTF20achkfmt,Unknown
ZTF18aayhkue,Unknown
ZTF20abnligx,Unknown
ZTF18abdbfrg,Unknown
ZTF19abkhnzy,Unknown
ZTF18abmapmd,Unknown
ZTF18aciuedf,Unknown
ZTF19aaphear,Unknown
ZTF18acuaudw,Unknown
ZTF20aazlqrq,Unknown
ZTF19aafzxcf,Unknown
ZTF18abmarax,Unknown
ZTF18abnzszp,Unknown
ZTF19aaxcazi,Unknown
ZTF18adlasei,Unknown
ZTF17aaarqox,Unknown
ZTF18abwnozf,Unknown
ZTF18abwnrmj,Unknown
ZTF18adkociv,Unknown
ZTF19aaslydu,Unknown
ZTF18acvbzpg,Unknown
ZTF19aaouvuc,Unknown
ZTF20aaveaul,Unknown
ZTF19aaphccf,Unknown
ZTF18acfcjdg,Unknown
ZTF20ackgtot,Unknown
ZTF18abumfnm,Unknown
ZTF18aculnhz,Unknown
ZTF18aaptbfp,Unknown
ZTF22aarxwcb,Unknown
ZTF18abwsofj,Unknown
ZTF18aaxgqdl,Unknown
ZTF18abvaskk,Unknown
ZTF19admhsfl,Unknown
ZTF19aalupnh,Unknown
ZTF19aabvkqm,Unknown
ZTF19aanwgre,Unknown
ZTF18abusskl,Unknown
ZTF17aabkaco,Unknown
ZTF19abcegbv,Unknown
ZTF18abvkjgn,Unknown
ZTF19aatxeuj,Unknown
ZTF19abuawkj,Unknown
ZTF25aazgkhd,Unknown
ZTF18adazjpn,Unknown
ZTF18abiiexc,Unknown
ZTF18aazfdux,Unknown
ZTF19abjoynb,Unknown
ZTF18adavsyc,Unknown
ZTF18aasncjy,Unknown
ZTF18aaqbecj,Unknown
ZTF18abkxdgy,Unknown
ZTF21abmymxb,Unknown
ZTF19abuzocc,Unknown
ZTF18absvmvu,Unknown
ZTF18acpvmtg,Unknown
ZTF22aadhosm,Unknown
ZTF18aculnaz,Unknown
ZTF18adarmdj,Unknown
ZTF18abmmdyk,Unknown
ZTF17aaaummx,Unknown
ZTF25aakqrzn,Unknown
ZTF19abgarhi,Unknown
ZTF18acmajpp,Unknown
ZTF18abjpmpl,Unknown
ZTF20abeuuhw,Unknown
ZTF18adkwcwx,Unknown
ZTF18aacsyxo,Unknown
ZTF19aabfkwv,Unknown
ZTF18acmwjwl,Unknown
ZTF18acbwmni,Unknown
ZTF19aaartfp,Unknown
ZTF19aaakifa,Unknown
ZTF22absahmj,Unknown
ZTF19admbqga,Unknown
ZTF18acruoho,Unknown
ZTF18abrzevn,Unknown
ZTF18abnwusj,Unknown
ZTF19aaprutz,Unknown
ZTF19abuuvho,Unknown
ZTF18ablwyey,Unknown
ZTF19abairhq,Unknown
ZTF18aclsfyd,Unknown
ZTF19aatvppa,Unknown
ZTF18abxnuda,Unknown
ZTF18aavefkq,Unknown
ZTF21abcvhyx,Unknown
ZTF25acanlnd,Unknown
ZTF18acsgyzi,Unknown
ZTF18acveguc,Unknown
ZTF23aaaiwjf,Unknown
ZTF20ablaewl,Unknown
ZTF20acgrzhq,Unknown
ZTF19aatuwzb,Unknown
ZTF18aculvcf,Unknown
ZTF19aayvyfa,Unknown
ZTF18acdxkqd,Unknown
ZTF18abrzfoc,Unknown
ZTF20abzgkkz,Unknown
ZTF19aadleek,Unknown
ZTF24aabddco,Unknown
ZTF18abcuugf,Unknown
ZTF18abtceyd,Unknown
ZTF18admemgj,Unknown
ZTF18acjblhi,Unknown
ZTF18aczcgcw,Unknown
ZTF18actbnow,Unknown
ZTF19aagniyr,Unknown
ZTF19abzzslb,Unknown
ZTF18abxsbfj,Unknown
ZTF18acfwvxg,Unknown
ZTF18achvoek,Unknown
ZTF19aaakshm,Unknown
ZTF18acsvofq,Unknown
ZTF18acfdric,Unknown
ZTF19abamxpw,Unknown
ZTF18abnzhjc,Unknown
ZTF19aapteez,Unknown
ZTF18abiavax,Unknown
ZTF18ablpnuq,Unknown
ZTF18adcbdxf,Unknown
ZTF18aazuvzp,Unknown
ZTF18acomfmq,Unknown
ZTF18abvlslg,Unknown
ZTF18abzcges,Unknown
ZTF18acegqre,Unknown
ZTF17aadfqoc,Unknown
ZTF20abhagmg,Unknown
ZTF18abacsvb,Unknown
ZTF19aaxhycf,Unknown
ZTF19aayrxvl,Unknown
ZTF19acbvhks,Unknown
ZTF18abxelru,Unknown
ZTF20aauqroy,Unknown
ZTF20aahjzgu,Unknown
ZTF20acuhxkk,Unknown
ZTF19abzvikw,Unknown
ZTF18abnztwd,Unknown
ZTF18abnpetq,Unknown
ZTF18abwgbgw,Unknown
ZTF19aaaimpx,Unknown
ZTF18abijzsj,Unknown
ZTF18aborsoj,Unknown
ZTF18aczozdb,Unknown
ZTF18abxrwem,Unknown
ZTF18acbwzkn,Unknown
ZTF24abdmvlj,Unknown
ZTF19aablrjh,Unknown
ZTF18accwwcw,Unknown
ZTF18acvvskj,Unknown
ZTF19acoxotq,Unknown
ZTF18abtwqfr,Unknown
ZTF18abvwefi,Unknown
ZTF18acrvcfq,Unknown
ZTF18abchhax,Unknown
ZTF18aaoebrc,Unknown
ZTF19ablmfli,Unknown
ZTF18abzytim,Unknown
ZTF18abikowt,Unknown
ZTF19aayvqax,Unknown
ZTF17aabsiwt,Unknown
ZTF18abuesge,Unknown
ZTF18absmmuc,Unknown
ZTF17aaaenol,Unknown
ZTF20abljyar,Unknown
ZTF18aaueamh,Unknown
ZTF18ablrlmh,Unknown
ZTF24abdmupx,Unknown
ZTF17aaagrix,Unknown
ZTF18acrvfdx,Unknown
ZTF18aacnqim,Unknown
ZTF18ablsntg,Unknown
ZTF18acvucen,Unknown
ZTF18achczcn,Unknown
ZTF18absjsxe,Unknown
ZTF18abmrmyv,Unknown
ZTF18abwklce,Unknown
ZTF18adaylew,Unknown
ZTF18abvwpuw,Unknown
ZTF18adjecgk,Unknown
ZTF18aanjgky,Unknown
ZTF18abmapbp,Unknown
ZTF17aabqtcd,Unknown
ZTF20acxwaca,Unknown
ZTF18acifgfk,Unknown
ZTF18abvoqba,Unknown
ZTF20aciwgud,Unknown
ZTF19abardor,Unknown
ZTF19aatvnvi,Unknown
ZTF18acapkcm,Unknown
ZTF18acricsz,Unknown
ZTF19aaakfzh,Unknown
ZTF18acevovf,Unknown
ZTF18achevlp,Unknown
ZTF25ababrfp,Unknown
ZTF19acgjlkz,Unknown
ZTF18abnufuv,Unknown
ZTF20acluixf,Unknown
ZTF18abtimvz,Unknown
ZTF17aacnyjx,Unknown
ZTF18aadaqks,Unknown
ZTF19abrsnix,Unknown
ZTF18acwuflm,Unknown
ZTF18adaudoh,Unknown
ZTF19aasltvm,Unknown
ZTF19aatvnhz,Unknown
ZTF19abxwekn,Unknown
ZTF20abxtitr,Unknown
ZTF18acwknfg,Unknown
ZTF18abskscg,Unknown
ZTF18abptyye,Unknown
ZTF19accdggc,Unknown
ZTF18aaxltwy,Unknown
ZTF18abutrir,Unknown
ZTF19abjpenc,Unknown
ZTF18abtpokv,Unknown
ZTF18aczeize,Unknown
ZTF18aczvncl,Unknown
ZTF18abpoeas,Unknown
ZTF20acggrxc,Unknown
ZTF22aanbbfm,Unknown
ZTF19aaonuzd,Unknown
ZTF19aaptemz,Unknown
ZTF18abutbpa,Unknown
ZTF19abrsuom,Unknown
ZTF18ablosti,Unknown
ZTF18aczrkci,Unknown
ZTF18aauekdm,Unknown
ZTF19achthnb,Unknown
ZTF18abqdmkq,Unknown
ZTF18acvmyzx,Unknown
ZTF20abkcmne,Unknown
ZTF19abymgtz,Unknown
ZTF17aaaecjj,Unknown
ZTF19acnpqky,Unknown
ZTF18aauedke,Unknown
ZTF17aabwdpd,Unknown
ZTF19aapucmy,Unknown
ZTF19abkaxqk,Unknown
ZTF18abtjcbt,Unknown
ZTF18acwwbgr,Unknown
ZTF18aawzsdc,Unknown
ZTF19aclhkcx,Unknown
ZTF19aapimjx,Unknown
ZTF18abojuel,Unknown
ZTF18abbobqp,Unknown
ZTF17aabvsqh,Unknown
ZTF17aadlhhs,Unknown
ZTF18abttjeh,Unknown
ZTF19abtsdjp,Unknown
ZTF20aadvsbp,Unknown
ZTF18acvegee,Unknown
ZTF19aadlewm,Unknown
ZTF25aahmbcz,Unknown
ZTF18acbatyi,Unknown
ZTF18aayebbr,Unknown
ZTF22abszkfl,Unknown
ZTF18aciqeva,Unknown
ZTF18abtjtfa,Unknown
ZTF18adlyqgq,Unknown
ZTF18aawlrth,Unknown
ZTF20aamclab,Unknown
ZTF19abohdht,Unknown
ZTF21abxwlhi,Unknown
ZTF18acceklv,Unknown
ZTF18abnzbdu,Unknown
ZTF18aculnuy,Unknown
ZTF18acapwya,Unknown
ZTF18abwuhha,Unknown
ZTF18acqxjtm,Unknown
ZTF19acbmiia,Unknown
ZTF18aaxizse,Unknown
ZTF20abgdgsj,Unknown
ZTF18acrvgds,Unknown
ZTF25abuumbd,Unknown
ZTF18abvurzy,Unknown
ZTF22abmctdo,Unknown
ZTF18abjsjxn,Unknown
ZTF18acsvwgq,Unknown
ZTF18acuobhr,Unknown
ZTF18abblgya,Unknown
ZTF20aahklzd,Unknown
ZTF20acobfnf,Unknown
ZTF18actbvgt,Unknown
ZTF19aaercmz,Unknown
ZTF18abmpkjr,Unknown
ZTF18abxembm,Unknown
ZTF21aavumzc,Unknown
ZTF18acvefxs,Unknown
ZTF17aabvcyk,Unknown
ZTF18adnyweh,Unknown
ZTF19abyfdxk,Unknown
ZTF19abvoxjs,Unknown
ZTF19aaaktmo,Unknown
ZTF20aciohwb,Unknown
ZTF18abiehsy,Unknown
ZTF18abjppxe,Unknown
ZTF20ablvmuj,Unknown
ZTF19aaaketb,Unknown
ZTF18abbufhq,Unknown
ZTF18abuykww,Unknown
ZTF19acbvtjc,Unknown
ZTF19aamgcpp,Unknown
ZTF19aaprfxe,Unknown
ZTF18acahomp,Unknown
ZTF20acxfvrw,Unknown
ZTF19aapwlav,Unknown
ZTF18achdaml,Unknown
ZTF18aafzldq,Unknown
ZTF19acoogfd,Unknown
ZTF18abiuuwt,Unknown
ZTF19aczmgom,Unknown
ZTF18abkalak,Unknown
ZTF18adcbzvk,Unknown
ZTF18acrxazj,Unknown
ZTF18abcoxlj,Unknown
ZTF18abqxpex,Unknown
ZTF19acnpjew,Unknown
ZTF18acyvhfz,Unknown
ZTF18adbhssd,Unknown
ZTF18abwnevp,Unknown
ZTF18acyuwnd,Unknown
ZTF18abueqkl,Unknown
ZTF18abnowyq,Unknown
ZTF18acabxjp,Unknown
ZTF18acurlaz,Unknown
ZTF18adauair,Unknown
ZTF19aaradyy,Unknown
ZTF18abnubnt,Unknown
ZTF18abeailu,Unknown
ZTF19aaaceyf,Unknown
ZTF18acmutyb,Unknown
ZTF18acrgvdl,Unknown
ZTF18adaiwuv,Unknown
ZTF19acabpjx,Unknown
ZTF19aaprhjs,Unknown
ZTF18absihlu,Unknown
ZTF18adkweww,Unknown
ZTF18abkxiwu,Unknown
ZTF19acbvrsw,Unknown
ZTF18abgobyb,Unknown
ZTF19aavvexw,Unknown
ZTF18abkpurz,Unknown
ZTF20acjqlpc,Unknown
ZTF18aaaewgs,Unknown
ZTF18adbcoav,Unknown
ZTF19aaeyyfl,Unknown
ZTF20abpvwbw,Unknown
ZTF22aaaubip,Unknown
ZTF18aaadstv,Unknown
ZTF17aabpiom,Unknown
ZTF18adbcwkd,Unknown
ZTF19abwvybx,Unknown
ZTF19aaqklsq,Unknown
ZTF18abhqtiq,Unknown
ZTF19aavjzub,Unknown
ZTF18aceieiw,Unknown
ZTF18abhzvqh,Unknown
ZTF18abkpnvu,Unknown
ZTF18acyuwbx,Unknown
ZTF18acvvslv,Unknown
ZTF19aawgcfk,Unknown
ZTF22abfrmpi,Unknown
ZTF18aawkkti,Unknown
ZTF18acyuqzg,Unknown
ZTF18ackcczf,Unknown
ZTF18abnclvs,Unknown
ZTF18aaxptao,Unknown
ZTF19aasrzns,Unknown
ZTF18abvvtzg,Unknown
ZTF18acmqbnj,Unknown
ZTF19aaakeme,Unknown
ZTF18aavqmij,Unknown
ZTF19aaaklje,Unknown
ZTF20aconlxt,Unknown
ZTF18aazltgb,Unknown
ZTF18abasfhd,Unknown
ZTF21abybkhh,Unknown
ZTF17aaawgio,Unknown
ZTF19abcephz,Unknown
ZTF25abaotoi,Unknown
ZTF18abgqxxm,Unknown
ZTF18acgzruw,Unknown
ZTF18acsxgdk,Unknown
ZTF18abxmbjy,Unknown
ZTF18acuaqti,Unknown
ZTF19acmefcs,Unknown
ZTF19abyjmmi,Unknown
ZTF18acrumli,Unknown
ZTF18abwirqo,Unknown
ZTF18abnuecx,Unknown
ZTF18abukuom,Unknown
ZTF19aaljeul,Unknown
ZTF18abcohyv,Unknown
ZTF21acfeukf,Unknown
ZTF18acehzan,Unknown
ZTF21aasdfde,Unknown
ZTF19acblaus,Unknown
ZTF18abocwvc,Unknown
ZTF19aauexqu,Unknown
ZTF18adqqrtm,Unknown
ZTF18abmtlsd,Unknown
ZTF19abjtiil,Unknown
ZTF18abcxmna,Unknown
ZTF18acskhfz,Unknown
ZTF18acmahpn,Unknown
ZTF19aayvpji,Unknown
ZTF19abkhezi,Unknown
ZTF18aaodzpl,Unknown
ZTF18acrxdft,Unknown
ZTF17aaawcsz,Unknown
ZTF19aaqyyiw,Unknown
ZTF19abmzswt,Unknown
ZTF18acgzgrq,Unknown
ZTF18adnovec,Unknown
ZTF18acrkndi,Unknown
ZTF18abcosdl,Unknown
ZTF19aanyuom,Unknown
ZTF17aadjlvq,Unknown
ZTF18acskuoe,Unknown
ZTF18acfsblq,Unknown
ZTF18acwniip,Unknown
ZTF18acysxnc,Unknown
ZTF21aayltlz,Unknown
ZTF19aapcuzf,Unknown
ZTF19abycxen,Unknown
ZTF18abqdcdf,Unknown
ZTF18abtjays,Unknown
ZTF19aaqatwc,Unknown
ZTF19abdyujh,Unknown
ZTF17aabfyvi,Unknown
ZTF18abfbnss,Unknown
ZTF20acxqfrp,Unknown
ZTF19aawbgwk,Unknown
ZTF18adqfzsq,Unknown
ZTF19adhnsey,Unknown
ZTF19abizwnh,Unknown
ZTF24abgybzl,Unknown
ZTF18adayisx,Unknown
ZTF19abykqvx,Unknown
ZTF18acszyqk,Unknown
ZTF18adazsso,Unknown
ZTF18aavlhtr,Unknown
ZTF20adcahbf,Unknown
ZTF18acmzgdi,Unknown
ZTF18adaygfm,Unknown
ZTF19aaprfcm,Unknown
ZTF20acnzppr,Unknown
ZTF18abwegmx,Unknown
ZTF18acguked,Unknown
ZTF18aabhyes,Unknown
ZTF18aboskbd,Unknown
ZTF18abchhir,Unknown
ZTF19aaceqbv,Unknown
ZTF19aawtglt,Unknown
ZTF19aakqwyp,Unknown
ZTF19aaxoofg,Unknown
ZTF19abdrnpp,Unknown
ZTF18abximcg,Unknown
ZTF19acwghwv,Unknown
ZTF18adauagg,Variable*
ZTF18aculnoa,Variable*
ZTF18acrwnwq,Variable*
ZTF17aabckzb,Variable*
ZTF18aayhfvn,Variable*
ZTF19aadlckt,Variable*
ZTF17aabgevs,Variable*
ZTF18acxwrfc,Variable*
ZTF19abhghis,Variable*
ZTF18adsngpx,Variable*
ZTF18abehqwe,Variable*
ZTF18aammdgw,Variable*
ZTF18acguvvu,Variable*
ZTF18adfshxz,Variable*
ZTF19aargnun,Variable*
ZTF18aculmry,Variable*
ZTF17aaanpsm,Variable*
ZTF19aaailhj,Variable*
ZTF18abnoxwo,Variable*
ZTF18acrfjfo,Variable*
ZTF18acrvbuo,Variable*
ZTF18abgxctb,Variable*
ZTF19aabjqam,Variable*
ZTF19aaealpx,Variable*
ZTF17aaaeovc,Variable*
ZTF18aayeslp,Variable*
ZTF17aaaecoi,Variable*
ZTF18acrjodx,Variable*
ZTF18acvtxjz,Variable*
ZTF18achmtkw,Variable*
ZTF18abudvsr,Variable*
ZTF17aaanrgo,Variable*
ZTF18acchrnt,Variable*
ZTF18adbeeco,Variable*
ZTF18abznqdp,Variable*
ZTF18accyypr,Variable*
ZTF18acrxlzr,Variable*
ZTF18acuypyd,Variable*
ZTF19aatvcif,Variable*
ZTF18acszxrt,Variable*
ZTF19aakrrhm,Variable*
ZTF18abcxjvy,Variable*
ZTF18abvqdew,Variable*
ZTF18abtojdb,Variable*
ZTF18aaoebuq,Variable*
ZTF18abldsgh,Variable*
ZTF18adbhrdd,Variable*
ZTF17aaadosk,Variable*
ZTF18abzwitq,Variable*
ZTF18abwdptl,Variable*
ZTF18aazlmwv,Variable*
ZTF18aculooz,Variable*
ZTF19acekaud,Variable*
ZTF18acwholx,Variable*
ZTF18acsyyke,Variable*
ZTF18abtvgxt,Variable*
ZTF18acuasja,Variable*
ZTF19aanvieo,Variable*
ZTF19aalxweb,Variable*
ZTF17aaagrxo,Variable*
ZTF18adkpcvb,WhiteDwarf
ZTF25accxgpn,WhiteDwarf_Candidate
ZTF18acuyxhk,X
ZTF18aasropa,X
ZTF17aaanpkv,X
ZTF18abyohdb,YSO
ZTF18acszxza,YSO
ZTF18abmmrsb,YSO
ZTF18abcjwnb,YSO
ZTF17aaahrvx,YSO
ZTF18acrvset,YSO
ZTF18abbmrsj,YSO
ZTF18abcdskj,YSO
ZTF18aazmyny,YSO
ZTF17aabwdrk,YSO
ZTF18abnxdrc,YSO
ZTF17aaahrnv,YSO
ZTF18aaxzahc,YSO
ZTF18abcjwmm,YSO
ZTF18abtkjzu,YSO
ZTF18acrwlen,YSO
ZTF17aaanyrs,YSO
ZTF18acrxdcn,YSO_Candidate
ZTF17aabuura,YSO_Candidate
ZTF18aayvzbv,YSO_Candidate
ZTF18aawbljz,YSO_Candidate
ZTF18adatocv,YSO_Candidate
ZTF17aaanpss,YSO_Candidate
ZTF18abmsouz,YSO_Candidate
ZTF17aabukig,YSO_Candidate
ZTF17aabopkb,YSO_Candidate
ZTF18aaxdpdi,YSO_Candidate
ZTF18abymmoo,YSO_Candidate
ZTF17aabgdfy,YSO_Candidate
ZTF18aaudzbb,YSO_Candidate
ZTF17aabopoj,YSO_Candidate
ZTF18aclbmoa,YSO_Candidate
ZTF18aayehbu,YSO_Candidate
ZTF17aadebgn,YSO_Candidate
ZTF18acrwyao,YSO_Candidate
ZTF18acnmsau,YSO_Candidate
ZTF20aafxgkz,YSO_Candidate
ZTF18acrvrpt,YSO_Candidate
ZTF18abtfzix,blue
ZTF19abtsrrp,blue
ZTF18abqznjg,blue
ZTF19abegzha,blue
ZTF19abeywlv,blue
ZTF18abvucjn,blue
ZTF21abqqaqm,blue
ZTF18abxqtlm,blue
ZTF18acftvwr,blue
ZTF18abumhdm,blue
ZTF20abhafxx,blue
ZTF21aahcnuk,blue
ZTF18abxgeun,blue
ZTF18acaukkq,blue
ZTF19abcejko,blue
ZTF18abobuhy,delSctV*
ZTF18abgshbq,delSctV*
